site_id,cluster,survey_date,year,month,total_count,lag_1_total,lag_2_total,is_october,y_true,huber_pred,cluster_mean_actual,actual_dev_pct,huber_pred_dev_pct,obs_id
2,0,2023-03-01,2023,March,769,727,560,0,769,679.6405932634872,557.0231481481482,38.055303905516254,22.01298914111325,0
2,0,2023-10-01,2023,October,952,769,727,1,952,752.5584187452599,557.0231481481482,70.90851666846747,35.10361665348716,1
2,0,2024-03-01,2024,March,907,952,769,0,907,892.5377557431361,557.0231481481482,62.82985779233192,60.23351250489739,2
2,0,2024-10-01,2024,October,758,907,952,1,758,909.5449021744158,557.0231481481482,36.08052062468312,63.28673327100394,3
2,0,2025-03-01,2025,March,1032,758,907,0,1032,795.7755817126873,557.0231481481482,85.27057689270843,42.86221036922502,4
2,0,2025-10-01,2025,October,897,1032,758,1,897,943.2263807299838,557.0231481481482,61.03460026430181,69.3334260642108,5
23,0,2023-03-01,2023,March,420,452,103,0,420,364.4509268723125,557.0231481481482,-24.599183822734936,-34.571672993492605,6
23,0,2023-10-01,2023,October,582,420,452,1,582,435.74760563481976,557.0231481481482,4.483988131353001,-21.772083066298975,7
23,0,2024-03-01,2024,March,553,582,420,0,553,540.9913900091342,557.0231481481482,-0.7222586999343417,-2.8781134486623006,8
23,0,2024-10-01,2024,October,533,553,582,1,533,563.3550909555357,557.0231481481482,-4.312773755994581,1.136746799201882,9
23,0,2025-03-01,2025,March,652,533,553,0,652,543.3240970249661,557.0231481481482,17.050790827563844,-2.4593324655762028,10
23,0,2025-10-01,2025,October,569,652,533,1,569,618.5775854917548,557.0231481481482,2.150153344913841,11.050606702476816,11
26,0,2023-03-01,2023,March,442,437,102,0,442,353.7858463890099,557.0231481481482,-20.649617261068677,-36.48632959596222,12
26,0,2023-10-01,2023,October,606,442,437,1,606,446.89780754578135,557.0231481481482,8.792606198625297,-19.770334674328005,13
26,0,2024-03-01,2024,March,585,606,442,0,585,563.6204027344505,557.0231481481482,5.022565389762046,1.1843770960390465,14
26,0,2024-10-01,2024,October,548,585,606,1,548,592.0722363011779,557.0231481481482,-1.6198874639493988,6.292213935731805,15
26,0,2025-03-01,2025,March,712,548,585,0,712,562.4456188079256,557.0231481481482,27.822335995744574,0.9734731272487807,16
26,0,2025-10-01,2025,October,630,712,548,1,630,664.2385801441982,557.0231481481482,13.101224265897592,19.24793114119103,17
27,0,2023-03-01,2023,March,174,116,129,0,174,138.75608401096014,557.0231481481482,-68.7625190122759,-75.0897095619344,18
27,0,2023-10-01,2023,October,138,174,116,1,138,173.65710379348604,557.0231481481482,-75.22544611318433,-68.82407771188362,19
27,0,2024-03-01,2024,March,161,138,174,0,161,166.27359166319292,557.0231481481482,-71.09635379871506,-70.14960828540467,20
27,0,2024-10-01,2024,October,129,161,138,1,129,170.65179611824163,557.0231481481482,-76.84117788841145,-69.36360783468653,21
27,0,2025-03-01,2025,March,183,129,161,0,183,156.49196685334863,557.0231481481482,-67.14678723704878,-71.90566184302858,22
27,0,2025-10-01,2025,October,126,183,129,1,126,183.43872860333033,557.0231481481482,-77.37975514682049,-67.0680241542597,23
28,0,2023-03-01,2023,March,287,298,69,0,287,248.48192186163652,557.0231481481482,-48.47610894553554,-55.391095919850486,24
28,0,2023-10-01,2023,October,398,287,298,1,398,301.5931980175953,557.0231481481482,-28.54875038440121,-45.85625408562333,25
28,0,2024-03-01,2024,March,359,398,287,0,359,377.2317464167979,557.0231481481482,-35.55025474371868,-32.27718674332942,26
28,0,2024-10-01,2024,October,341,359,398,1,341,378.75504278026466,557.0231481481482,-38.7817182941729,-32.00371581693595,27
28,0,2025-03-01,2025,March,429,341,359,0,429,357.38180350005405,557.0231481481482,-22.983452047507836,-35.840762688554676,28
28,0,2025-10-01,2025,October,376,429,341,1,376,411.70346524603684,557.0231481481482,-32.498316946067476,-26.088625470096527,29
29,0,2023-03-01,2023,March,132,103,103,0,132,122.65693174269873,557.0231481481482,-76.3026006300024,-77.97992199238435,30
29,0,2023-10-01,2023,October,135,132,103,1,135,141.01243646422273,557.0231481481482,-75.76402337159338,-74.68463618917352,31
29,0,2024-03-01,2024,March,132,135,132,0,132,152.73801923344678,557.0231481481482,-76.3026006300024,-72.57959211547454,32
29,0,2024-10-01,2024,October,106,132,135,1,106,149.7416661929007,557.0231481481482,-80.97027020288073,-73.11751465074217,33
29,0,2025-03-01,2025,March,142,106,132,0,142,132.6462545951694,557.0231481481482,-74.5073431019723,-76.18658128730222,34
29,0,2025-10-01,2025,October,136,142,106,1,136,148.75899645414057,557.0231481481482,-75.58449761879035,-73.29392917534982,35
30,0,2023-03-01,2023,March,310,241,336,0,310,281.8257226040241,557.0231481481482,-44.347016631066275,-49.405024990259726,36
30,0,2023-10-01,2023,October,275,310,241,1,275,301.97910537995244,557.0231481481482,-50.630417979171696,-45.78697377588393,37
30,0,2024-03-01,2024,March,286,275,310,0,286,298.28908543917777,557.0231481481482,-48.65563469833856,-46.44942738360963,38
30,0,2024-10-01,2024,October,254,286,275,1,254,294.62624467982255,557.0231481481482,-54.400458788034946,-47.10700162833044,39
30,0,2025-03-01,2025,March,345,254,286,0,345,277.1929542666753,557.0231481481482,-38.06361528296085,-50.23672621358423,40
30,0,2025-10-01,2025,October,254,345,254,1,254,329.77403641721776,557.0231481481482,-54.400458788034946,-40.79706785731108,41
34,0,2023-03-01,2023,March,265,281,230,0,265,280.62292793919534,557.0231481481482,-52.42567550720181,-49.62095760793056,42
34,0,2023-10-01,2023,October,276,265,281,1,276,281.7137663779557,557.0231481481482,-50.45089222636867,-49.425124016025634,43
34,0,2024-03-01,2024,March,266,276,265,0,266,286.7064256035098,557.0231481481482,-52.24614975439879,-48.52881311006914,44
34,0,2024-10-01,2024,October,257,266,276,1,257,281.0426437031352,557.0231481481482,-53.8618815296259,-49.54560781944597,45
34,0,2025-03-01,2025,March,302,257,266,0,302,273.81564409710785,557.0231481481482,-45.78322265349036,-50.84304036422509,46
34,0,2025-10-01,2025,October,283,302,257,1,283,300.801164482008,557.0231481481482,-49.194211956747594,-45.99844450234486,47
35,0,2023-03-01,2023,March,993,762,705,0,993,743.4435969315492,557.0231481481482,78.26907253339095,33.46727140571544,48
35,0,2023-10-01,2023,October,1273,993,762,1,1273,917.297575104937,557.0231481481482,128.53628331823433,64.6785377150913,49
35,0,2024-03-01,2024,March,1254,1273,993,0,1254,1176.037413805504,557.0231481481482,125.1252940149771,111.12900203794047,50
35,0,2024-10-01,2024,October,863,1254,1273,1,863,1237.51834407926,557.0231481481482,54.930724668999396,122.16641232836602,51
35,0,2025-03-01,2025,March,1492,863,1254,0,1492,963.1792109630088,557.0231481481482,167.85242318209396,72.91547293234531,52
35,0,2025-10-01,2025,October,1302,1492,863,1,1302,1290.5661221085047,557.0231481481482,133.74253014952168,131.68985461359327,53
42,0,2023-03-01,2023,March,386,430,411,0,386,433.2277346645587,557.0231481481482,-30.70305941803735,-22.22446479920155,54
42,0,2023-10-01,2023,October,547,386,430,1,547,406.1903982066492,557.0231481481482,-1.7994132167524102,-27.078362980596072,55
42,0,2024-03-01,2024,March,626,547,386,0,626,507.4679019624239,557.0231481481482,12.383121254685548,-8.896442876830735,56
42,0,2024-10-01,2024,October,506,626,547,1,506,604.3833172706303,557.0231481481482,-9.15996908167591,8.502370014591577,57
42,0,2025-03-01,2025,March,708,506,626,0,708,544.5315266458063,557.0231481481482,27.10423298453253,-2.2425677539382183,58
42,0,2025-10-01,2025,October,566,708,506,1,566,650.0101882441667,557.0231481481482,1.6115760865048179,16.693568374161583,59
44,0,2023-03-01,2023,March,976,872,794,0,976,843.9319088458318,557.0231481481482,75.21713473573975,51.5075112500309,60
44,0,2023-10-01,2023,October,1070,976,872,1,1070,935.5263713024152,557.0231481481482,92.09255549922288,67.95107607513626,61
44,0,2024-03-01,2024,March,1133,1070,976,0,1133,1030.7576580442023,557.0231481481482,103.40267792581264,85.04754451785507,62
44,0,2024-10-01,2024,October,1103,1133,1070,1,1103,1098.3111370834224,557.0231481481482,98.01690534172226,97.17513369683357,63
44,0,2025-03-01,2025,March,1295,1103,1133,0,1295,1096.4484839199476,557.0231481481482,132.4858498799006,96.84073948544984,64
44,0,2025-10-01,2025,October,1154,1295,1103,1,1154,1219.5499094273605,557.0231481481482,107.17271873467591,118.94061557079203,65
45,0,2023-03-01,2023,March,534,486,439,0,534,479.66370101313584,557.0231481481482,-4.13324800319157,-13.888012983337894,66
45,0,2023-10-01,2023,October,719,534,486,1,719,524.0038318340787,557.0231481481482,29.079016265365667,-5.927817618324093,67
45,0,2024-03-01,2024,March,669,719,534,0,669,667.0055383466529,557.0231481481482,20.10272862521505,19.744671395461168,68
45,0,2024-10-01,2024,October,655,669,719,1,655,681.0941642845478,557.0231481481482,17.58936808597289,22.27394257292179,69
45,0,2025-03-01,2025,March,848,655,669,0,848,659.4915301662459,557.0231481481482,52.237838376954215,18.395713420305615,70
45,0,2025-10-01,2025,October,705,848,655,1,705,787.6503900082831,557.0231481481482,26.56565572612348,41.40352921182306,71
46,0,2023-03-01,2023,March,373,338,353,0,373,353.66661451507065,557.0231481481482,-33.03689420447651,-36.50773478788928,72
46,0,2023-10-01,2023,October,349,373,338,1,349,372.0872096229894,557.0231481481482,-37.345512271748795,-33.20076358406068,73
46,0,2024-03-01,2024,March,356,349,373,0,356,366.74339726863406,557.0231481481482,-36.08883200212772,-34.16011551981436,74
46,0,2024-10-01,2024,October,313,356,349,1,313,363.3099513473702,557.0231481481482,-43.808439372657226,-34.776507483537685,75
46,0,2025-03-01,2025,March,369,313,356,0,369,337.16449304499855,557.0231481481482,-33.754997215688554,-39.470290567650714,76
46,0,2025-10-01,2025,October,321,369,313,1,321,362.49622101631803,557.0231481481482,-42.37223335023314,-34.922593033798464,77
48,0,2023-03-01,2023,March,294,292,280,0,294,301.88336356339437,557.0231481481482,-47.21942867591446,-45.80416189757624,78
48,0,2023-10-01,2023,October,365,294,292,1,365,304.8062037354661,557.0231481481482,-34.4731002269006,-45.27943681536218,79
48,0,2024-03-01,2024,March,341,365,294,0,341,356.2782229005271,557.0231481481482,-38.7817182941729,-36.03888382646354,80
48,0,2024-10-01,2024,October,271,341,365,1,271,357.2822741574278,557.0231481481482,-51.34852099038374,-35.858630768715635,81
48,0,2025-03-01,2025,March,362,271,341,0,362,303.9742488576928,557.0231481481482,-35.01167748530965,-45.428794141092574,82
48,0,2025-10-01,2025,October,323,362,271,1,323,346.1893707054302,557.0231481481482,-42.01318184462711,-37.85009261170664,83
50,0,2023-03-01,2023,March,315,266,326,0,315,296.4183250709479,557.0231481481482,-43.4493878670512,-46.785277047030135,84
50,0,2023-10-01,2023,October,379,315,266,1,379,312.26291345690925,557.0231481481482,-31.95973968765844,-43.940765389186566,85
50,0,2024-03-01,2024,March,388,379,315,0,388,371.706252493968,557.0231481481482,-30.344007912431326,-33.26915519943392,86
50,0,2024-10-01,2024,October,340,388,379,1,340,393.6638272671395,557.0231481481482,-38.96124404697591,-29.327205058551886,87
50,0,2025-03-01,2025,March,430,340,388,0,430,364.59984847138304,557.0231481481482,-22.803926294704823,-34.544937731310846,88
50,0,2025-10-01,2025,October,342,430,340,1,342,412.1234962873011,557.0231481481482,-38.60219254136988,-26.013219081212924,89
51,0,2023-03-01,2023,March,492,404,413,0,492,415.76000529518,557.0231481481482,-11.673329620918071,-25.360372063998536,90
51,0,2023-10-01,2023,October,532,492,404,1,532,472.53676290235353,557.0231481481482,-4.4922995087975925,-15.167481912856573,91
51,0,2024-03-01,2024,March,535,532,492,0,535,525.9911833843884,557.0231481481482,-3.9537222503885583,-5.571036835170517,92
51,0,2024-10-01,2024,October,415,535,532,1,415,537.2449190393387,557.0231481481482,-25.496812586750007,-3.550701469869466,93
51,0,2025-03-01,2025,March,575,415,535,0,575,456.6612078089045,557.0231481481482,3.2273078617319317,-18.017552892173693,94
51,0,2025-10-01,2025,October,395,575,415,1,395,533.041451655277,557.0231481481482,-29.087327642810244,-4.305332116376048,95
52,0,2023-03-01,2023,March,227,238,252,0,227,256.83303615538813,557.0231481481482,-59.247654113716266,-53.891855839520744,96
52,0,2023-10-01,2023,October,298,227,238,1,298,243.6567240591985,557.0231481481482,-46.50132566470241,-56.25734318775662,97
52,0,2024-03-01,2024,March,311,298,227,0,311,291.58249364698406,557.0231481481482,-44.16749087826326,-47.653433323845704,98
52,0,2024-10-01,2024,October,263,311,298,1,263,318.2208653044455,557.0231481481482,-52.78472701280783,-42.87115959859352,99
52,0,2025-03-01,2025,March,363,263,311,0,363,290.24804022477383,557.0231481481482,-34.83215173250663,-47.89300207904855,100
52,0,2025-10-01,2025,October,293,363,263,1,293,344.69988274354614,557.0231481481482,-47.398954428717474,-38.1174940593549,101
54,0,2023-03-01,2023,March,568,429,447,0,568,442.355298639036,557.0231481481482,1.9706275921108407,-20.585832005425853,102
54,0,2023-10-01,2023,October,604,568,429,1,604,532.0107533695756,557.0231481481482,8.433554693019275,-4.490369002029371,103
54,0,2024-03-01,2024,March,629,604,568,0,629,596.6061058505493,557.0231481481482,12.92169851309457,7.106160279693352,104
54,0,2024-10-01,2024,October,488,629,604,1,488,622.0107161356943,557.0231481481482,-12.391432632130128,11.666942065801145,105
54,0,2025-03-01,2025,March,629,488,629,0,629,532.8791414677322,557.0231481481482,12.92169851309457,-4.334470974982619,106
54,0,2025-10-01,2025,October,554,629,488,1,554,590.3672583692367,557.0231481481482,-0.5427329471313302,5.986126488987531,107
55,0,2023-03-01,2023,March,340,292,263,0,340,297.2459602700342,557.0231481481482,-38.96124404697591,-46.636695214867906,108
55,0,2023-10-01,2023,October,308,340,292,1,308,336.67589936859576,557.0231481481482,-44.70606813667229,-39.558005715221725,109
55,0,2024-03-01,2024,March,298,308,340,0,298,329.3357808292324,557.0231481481482,-46.50132566470241,-40.87574602166427,110
55,0,2024-10-01,2024,October,276,298,308,1,276,311.9420964809468,557.0231481481482,-50.45089222636867,-43.998360298308214,111
55,0,2025-03-01,2025,March,313,276,298,0,313,295.70844376120897,557.0231481481482,-43.808439372657226,-46.91271902356181,112
55,0,2025-10-01,2025,October,291,313,276,1,291,313.60515880655026,557.0231481481482,-47.7580059343235,-43.69979778234592,113
56,0,2023-03-01,2023,March,230,227,49,0,230,193.83597089094752,557.0231481481482,-58.70907685530723,-65.20145140549991,114
56,0,2023-10-01,2023,October,333,230,227,1,333,242.7345097508217,557.0231481481482,-40.217924316596985,-56.422904405713666,115
56,0,2024-03-01,2024,March,332,333,230,0,332,316.6495403940375,557.0231481481482,-40.3974500694,-43.15325288603265,116
56,0,2024-10-01,2024,October,248,332,333,1,248,342.317669196181,557.0231481481482,-55.477613304853016,-38.545162739783166,117
56,0,2025-03-01,2025,March,367,248,332,0,367,285.58430517993736,557.0231481481482,-34.11404872129458,-48.73026262384661,118
56,0,2025-10-01,2025,October,349,367,248,1,349,343.37933418937007,557.0231481481482,-37.345512271748795,-38.354566532656285,119
58,0,2023-03-01,2023,March,472,350,357,0,472,363.0716018745805,557.0231481481482,-15.26384467697831,-34.81929735207046,120
58,0,2023-10-01,2023,October,567,472,350,1,567,443.9497983295008,557.0231481481482,1.7911018393078182,-20.299578248150986,121
58,0,2024-03-01,2024,March,544,567,472,0,544,544.7840962639546,557.0231481481482,-2.3379904751614444,-2.1972250031049745,122
58,0,2024-10-01,2024,October,389,544,567,1,389,553.0278892876491,557.0231481481482,-30.164482159628314,-0.7172518545739859,123
58,0,2025-03-01,2025,March,438,389,544,0,438,441.1029974426741,557.0231481481482,-21.36772027228072,-20.810652320438837,124
58,0,2025-10-01,2025,October,435,438,389,1,435,431.03268507162267,557.0231481481482,-21.906297530689766,-22.618532729813335,125
69,0,2023-03-01,2023,March,331,306,265,0,331,307.4910097120725,557.0231481481482,-40.57697582220301,-44.797445001281886,126
69,0,2023-10-01,2023,October,318,331,306,1,318,334.2595621423235,557.0231481481482,-42.910810608642166,-39.99180047479419,127
69,0,2024-03-01,2024,March,312,318,331,0,312,333.808879670896,557.0231481481482,-43.987965125460235,-40.07270958475234,128
69,0,2024-10-01,2024,October,299,312,318,1,299,324.3694533551547,557.0231481481482,-46.3217999118994,-41.76732970011435,129
69,0,2025-03-01,2025,March,404,299,312,0,404,315.46232958407035,557.0231481481482,-27.471595867583133,-43.36638780042787,130
69,0,2025-10-01,2025,October,279,404,299,1,279,382.92586447001133,557.0231481481482,-49.91231496795964,-31.254945913277055,131
70,0,2023-03-01,2023,March,718,688,561,0,718,652.8934223513767,557.0231481481482,28.899490512562643,17.211183147765794,132
70,0,2023-10-01,2023,October,757,718,688,1,757,706.5858770288769,557.0231481481482,35.90099487188012,26.850361493585616,133
70,0,2024-03-01,2024,March,774,757,718,0,774,743.5257491573974,557.0231481481482,38.95293266953133,33.48201984590526,134
70,0,2024-10-01,2024,October,657,774,757,1,657,764.2061689673227,557.0231481481482,17.94841959157891,37.19468778056443,135
70,0,2025-03-01,2025,March,827,657,774,0,827,689.5199541540413,557.0231481481482,48.467797568090965,23.786588842202615,136
70,0,2025-10-01,2025,October,636,827,657,1,636,773.6467579903316,557.0231481481482,14.178378782715662,38.88951663182396,137
71,0,2023-03-01,2023,March,985,923,872,0,985,900.5431992940411,557.0231481481482,76.83286651096685,61.670695784895635,138
71,0,2023-10-01,2023,October,1083,985,923,1,1083,955.6739564150646,557.0231481481482,94.42639028566204,71.56808645964739,139
71,0,2024-03-01,2024,March,1084,1083,985,0,1084,1042.2194070191035,557.0231481481482,94.60591603846504,87.10522363101339,140
71,0,2024-10-01,2024,October,1033,1084,1083,1,1033,1067.909232616712,557.0231481481482,85.45010264551145,91.7172089108021,141
71,0,2025-03-01,2025,March,1218,1033,1084,0,1218,1034.5844879779297,557.0231481481482,118.66236691406868,85.7345590425566,142
71,0,2025-10-01,2025,October,1003,1218,1033,1,1003,1147.1076201838996,557.0231481481482,80.06433006142109,105.93535905958618,143
80,0,2023-03-01,2023,March,831,923,1039,0,831,946.0988669405792,557.0231481481482,49.18590057930301,69.8491113135842,144
80,0,2023-10-01,2023,October,1085,831,923,1,1085,848.979757991109,557.0231481481482,94.78544179126807,52.41373016787281,145
80,0,2024-03-01,2024,March,1412,1085,831,0,1412,1001.5956278904115,557.0231481481482,153.49036295785302,79.81220910123166,146
80,0,2024-10-01,2024,October,1370,1412,1085,1,1370,1295.699595728374,557.0231481481482,145.9502813401265,132.6114453296947,147
80,0,2025-03-01,2025,March,1612,1370,1412,0,1612,1357.5392541830677,557.0231481481482,189.39551351845543,143.7132565668547,148
80,0,2025-10-01,2025,October,1480,1612,1370,1,1480,1512.0081920564976,557.0231481481482,165.69811414845782,171.44440892326395,149
81,0,2023-03-01,2023,March,523,657,678,0,523,663.3322649680074,557.0231481481482,-6.108031284024706,19.085224226908572,150
81,0,2023-10-01,2023,October,749,523,657,1,749,563.029639023562,557.0231481481482,34.46478884945603,1.078319796113103,151
81,0,2024-03-01,2024,March,762,749,523,0,762,684.7894497359827,557.0231481481482,36.79862363589517,22.937341475412666,152
81,0,2024-10-01,2024,October,684,762,749,1,684,753.710027891728,557.0231481481482,22.79561491726023,35.31036015244169,153
81,0,2025-03-01,2025,March,880,684,762,0,880,704.9526187034936,557.0231481481482,57.9826624666506,26.55714956319939,154
81,0,2025-10-01,2025,October,746,880,684,1,746,817.7314774990313,557.0231481481482,33.926211591046986,46.80385908873288,155
82,0,2023-03-01,2023,March,1253,1025,1018,0,1253,1011.0378959002478,557.0231481481482,124.9457682621741,81.50733937386532,156
82,0,2023-10-01,2023,October,1438,1253,1025,1,1438,1169.1739942117201,557.0231481481482,158.15803253073133,109.8968414685635,157
82,0,2024-03-01,2024,March,1270,1438,1253,0,1270,1361.277617948108,557.0231481481482,127.99770605982528,144.3843891360251,158
82,0,2024-10-01,2024,October,1152,1270,1438,1,1152,1293.6135463923224,557.0231481481482,106.81366722906986,132.23694575225582,159
82,0,2025-03-01,2025,March,1287,1152,1270,0,1287,1167.7686527398362,557.0231481481482,131.0496438574765,109.64454648287823,160
82,0,2025-10-01,2025,October,1139,1287,1152,1,1139,1227.3739866871153,557.0231481481482,104.47983244263072,120.34523893083846,161
84,0,2023-03-01,2023,March,125,114,93,0,125,127.55006162562655,557.0231481481482,-77.5592808996235,-77.10147916658882,162
84,0,2023-10-01,2023,October,156,125,114,1,156,139.1633728914578,557.0231481481482,-71.99398256273012,-75.01659071905476,163
84,0,2024-03-01,2024,March,175,156,125,0,175,165.37770910629246,557.0231481481482,-68.58299325947289,-70.3104422758553,164
84,0,2024-10-01,2024,October,128,175,156,1,128,185.26146042461897,557.0231481481482,-77.02070364121447,-66.74079685188485,165
84,0,2025-03-01,2025,March,204,128,175,0,204,159.61818538935984,557.0231481481482,-63.37674642818554,-71.34442510692443,166
84,0,2025-10-01,2025,October,173,204,128,1,173,197.71514905030313,557.0231481481482,-68.94204476507892,-64.5050390261846,167
85,0,2023-03-01,2023,March,186,206,188,0,186,217.20435364889852,557.0231481481482,-66.60820997863976,-61.006224899089844,168
85,0,2023-10-01,2023,October,218,186,206,1,218,206.521896048818,557.0231481481482,-60.86338588894338,-62.92400114153055,169
85,0,2024-03-01,2024,March,208,218,186,0,208,224.97261043428125,557.0231481481482,-62.65864341697349,-59.61162275172689,170
85,0,2024-10-01,2024,October,186,208,218,1,186,225.03738554335166,557.0231481481482,-66.60820997863976,-59.59999395150813,171
85,0,2025-03-01,2025,March,260,186,208,0,260,208.80373282361376,557.0231481481482,-53.32330427121688,-62.51435267676175,172
85,0,2025-10-01,2025,October,205,260,186,1,205,252.33476826951585,557.0231481481482,-63.19722067538254,-54.69941076804157,173
91,0,2023-03-01,2023,March,781,590,488,0,781,565.0835589448583,557.0231481481482,40.20961293915239,1.4470513161809029,174
91,0,2023-10-01,2023,October,756,781,590,1,756,723.5002376127824,557.0231481481482,35.7214691190771,29.886924810592852,175
91,0,2024-03-01,2024,March,745,756,781,0,745,760.0186007154468,557.0231481481482,33.74668583824396,36.44291143773242,176
91,0,2024-10-01,2024,October,786,745,756,1,786,743.8416159000241,557.0231481481482,41.10724170316746,33.53872606066075,177
91,0,2025-03-01,2025,March,802,786,745,0,802,770.9828013792469,557.0231481481482,43.979653748015664,38.41126781578441,178
91,0,2025-10-01,2025,October,822,802,786,1,822,791.515978576929,557.0231481481482,47.5701688040759,42.09750190963592,179
93,0,2023-03-01,2023,March,548,470,448,0,548,471.0336853497597,557.0231481481482,-1.6198874639493988,-15.43732304200729,180
93,0,2023-10-01,2023,October,573,548,470,1,573,529.3386895537358,557.0231481481482,2.868256356125909,-4.9700732701057015,181
93,0,2024-03-01,2024,March,578,573,548,0,578,569.6729336912773,557.0231481481482,3.765885120140955,2.270962272426913,182
93,0,2024-10-01,2024,October,543,578,573,1,543,578.2204818514807,557.0231481481482,-2.517516227964456,3.805467290507436,183
93,0,2025-03-01,2025,March,565,543,578,0,565,557.0720024533501,557.0231481481482,1.4320503337017954,0.008770605919061758,184
93,0,2025-10-01,2025,October,546,565,543,1,546,561.0301758671346,557.0231481481482,-1.9789389695554216,0.7193646677535748,185
94,0,2023-03-01,2023,March,425,352,325,0,425,355.7280110864734,557.0231481481482,-23.70155505871988,-36.137661016582655,186
94,0,2023-10-01,2023,October,491,425,352,1,491,411.9328600841282,557.0231481481482,-11.852855373721082,-26.047443189099052,187
94,0,2024-03-01,2024,March,511,491,425,0,511,479.30876035826634,557.0231481481482,-8.262340317660843,-13.95173397160374,188
94,0,2024-10-01,2024,October,448,511,491,1,448,509.4329261626199,557.0231481481482,-19.572462744250608,-8.543670428014416,189
94,0,2025-03-01,2025,March,565,448,511,0,565,472.9773280318151,557.0231481481482,1.4320503337017954,-15.088389126331226,190
94,0,2025-10-01,2025,October,492,565,448,1,492,535.1152751101218,557.0231481481482,-11.673329620918071,-3.9330273994644838,191
95,0,2023-03-01,2023,March,630,533,628,0,630,563.7832292015552,557.0231481481482,13.101224265897592,1.2136086401222768,192
95,0,2023-10-01,2023,October,720,630,533,1,720,603.3355571454755,557.0231481481482,29.258542018168665,8.314270089366183,193
95,0,2024-03-01,2024,March,766,720,630,0,766,693.8860470029723,557.0231481481482,37.516726647107234,24.57041494771479,194
95,0,2024-10-01,2024,October,715,766,720,1,715,748.5704413312553,557.0231481481482,28.36091325415362,34.38767200607658,195
95,0,2025-03-01,2025,March,970,715,766,0,970,727.5211759984265,557.0231481481482,74.13998021892168,30.608786801250144,196
95,0,2025-10-01,2025,October,858,970,715,1,858,888.5416711243764,557.0231481481482,54.03309590498433,59.51611240545003,197
96,0,2023-03-01,2023,March,610,654,673,0,610,659.8898644120452,557.0231481481482,9.510709209837342,18.467224675649963,198
96,0,2023-10-01,2023,October,842,610,654,1,842,622.4865676513306,557.0231481481482,51.160683860136146,11.752369667368212,199
96,0,2024-03-01,2024,March,764,842,610,0,764,772.9542537973705,557.0231481481482,37.15767514150119,38.76519429526337,200
96,0,2024-10-01,2024,October,661,764,842,1,661,780.4649907312693,557.0231481481482,18.66652260279096,40.113564997426934,201
96,0,2025-03-01,2025,March,829,661,764,0,829,689.5633477449711,557.0231481481482,48.82684907369699,23.794379109281106,202
96,0,2025-10-01,2025,October,715,829,661,1,715,776.1235506469872,557.0231481481482,28.36091325415362,39.334164698047005,203
99,0,2023-03-01,2023,March,142,163,168,0,142,181.95734784620146,557.0231481481482,-74.5073431019723,-67.33397014987116,204
99,0,2023-10-01,2023,October,273,142,163,1,273,164.3079369083482,557.0231481481482,-50.989469484777715,-70.50249393501898,205
99,0,2024-03-01,2024,March,286,273,142,0,286,251.0749904230475,557.0231481481482,-48.65563469833856,-54.925573334293354,206
99,0,2024-10-01,2024,October,302,286,273,1,302,294.0806678217802,557.0231481481482,-45.78322265349036,-47.20494672448239,207
99,0,2025-03-01,2025,March,243,302,286,0,243,310.44828884037577,557.0231481481482,-56.37524206886808,-44.26653723952462,208
99,0,2025-10-01,2025,October,323,243,302,1,323,272.20029504112125,557.0231481481482,-42.01318184462711,-51.13303711954072,209
100,0,2023-03-01,2023,March,299,275,272,0,299,287.9231251363726,557.0231481481482,-46.3217999118994,-48.31038421049687,210
100,0,2023-10-01,2023,October,369,299,275,1,369,303.63289779353306,557.0231481481482,-33.754997215688554,-45.49007544785596,211
100,0,2024-03-01,2024,March,381,369,299,0,381,360.4134429267748,557.0231481481482,-31.600688182052416,-35.296505338245346,212
100,0,2024-10-01,2024,October,410,381,369,1,410,386.0862066849296,557.0231481481482,-26.394441350765064,-30.687583098028714,213
100,0,2025-03-01,2025,March,475,410,381,0,475,411.1876923882146,557.0231481481482,-14.725267418569278,-26.18121998067243,214
100,0,2025-10-01,2025,October,429,475,410,1,429,462.39556248162836,557.0231481481482,-22.983452047507836,-16.988088552713478,215
4,1,2023-03-01,2023,March,680,685,741,0,680,695.5395278553523,481.1574074074074,41.3258924275955,44.55550660709717,216
4,1,2023-10-01,2023,October,839,680,685,1,839,675.0630185619854,481.1574074074074,74.37121139228327,40.29982873991036,217
4,1,2024-03-01,2024,March,787,839,680,0,787,785.5936321090155,481.1574074074074,63.56393726546714,63.27164874006288,218
4,1,2024-10-01,2024,October,764,787,839,1,764,791.2041199517886,481.1574074074074,58.78379678629848,64.43768874202476,219
4,1,2025-03-01,2025,March,819,764,787,0,819,762.8205337428755,481.1574074074074,70.214567497354,58.538665725450876,220
4,1,2025-10-01,2025,October,701,819,764,1,701,792.9152108243333,481.1574074074074,45.69036851727124,64.79330851347638,221
5,1,2023-03-01,2023,March,448,422,385,0,448,416.2153264387425,481.1574074074074,-6.891176753584139,-13.497055219120192,222
5,1,2023-10-01,2023,October,530,448,422,1,530,442.5855446231942,481.1574074074074,10.15106321562591,-8.016474897902482,223
5,1,2024-03-01,2024,March,482,530,448,0,482,508.2255002579034,481.1574074074074,0.17511786779562666,5.62562114471965,224
5,1,2024-10-01,2024,October,422,482,530,1,422,495.6025569471869,481.1574074074074,-12.2948138169922,3.002167132293243,225
5,1,2025-03-01,2025,March,525,422,482,0,525,442.67580405379766,481.1574074074074,9.111902241893578,-7.997716082343597,226
5,1,2025-10-01,2025,October,418,525,422,1,418,495.93264383517203,481.1574074074074,-13.126142595978063,3.0707698146802187,227
8,1,2023-03-01,2023,March,186,189,167,0,186,195.32051233561947,481.1574074074074,-61.343211777157705,-59.40610924228442,228
8,1,2023-10-01,2023,October,147,186,189,1,147,197.50713944647595,481.1574074074074,-69.4486673722698,-58.951657730743,229
8,1,2024-03-01,2024,March,348,147,186,0,348,171.40507473503408,481.1574074074074,-27.674396228230535,-64.37650712713618,230
8,1,2024-10-01,2024,October,165,348,147,1,165,298.28677961382516,481.1574074074074,-65.70768786683344,-38.00640392900391,231
8,1,2025-03-01,2025,March,214,165,348,0,214,228.0675507016041,481.1574074074074,-55.52391032425671,-52.600220387235176,232
8,1,2025-10-01,2025,October,194,214,165,1,194,210.35916231795937,481.1574074074074,-59.680554219185986,-56.28059361043084,233
13,1,2023-03-01,2023,March,55,78,69,0,55,91.68428508986081,481.1574074074074,-88.56922928894448,-80.94505380601372,234
13,1,2023-10-01,2023,October,674,55,78,1,674,76.46827321773334,481.1574074074074,40.07889925911672,-84.10743094868623,235
13,1,2024-03-01,2024,March,729,674,55,0,729,500.78565137367826,481.1574074074074,51.50966997017223,4.079381022529116,236
13,1,2024-10-01,2024,October,742,729,674,1,742,706.0104998867381,481.1574074074074,54.21148850187627,46.731711705508935,237
13,1,2025-03-01,2025,March,848,742,729,0,848,731.7567765133673,481.1574074074074,76.24170114500144,52.08261688337086,238
13,1,2025-10-01,2025,October,929,848,742,1,929,807.0056300241445,481.1574074074074,93.07610891946503,67.72175126067084,239
16,1,2023-03-01,2023,March,293,234,320,0,293,268.23401813870527,481.1574074074074,-39.10516693928605,-44.25233530457005,240
16,1,2023-10-01,2023,October,442,293,234,1,442,283.91430207297,481.1574074074074,-8.138169922062922,-40.9934674802641,241
16,1,2024-03-01,2024,March,355,442,293,0,355,404.97518037450186,481.1574074074074,-26.21957086500529,-15.83311944492215,242
16,1,2024-10-01,2024,October,401,355,442,1,401,383.6091024670733,481.1574074074074,-16.65928990666795,-20.273678309546973,243
16,1,2025-03-01,2025,March,433,401,355,0,433,393.48246469211296,481.1574074074074,-10.008659674781095,-18.221675768790146,244
16,1,2025-10-01,2025,October,377,433,401,1,377,426.4646955594679,481.1574074074074,-21.64726258058308,-11.3669063399932,245
19,1,2023-03-01,2023,March,513,380,354,0,513,378.6604673870978,481.1574074074074,6.6179159049360115,-21.302163999217615,246
19,1,2023-10-01,2023,October,621,513,380,1,621,476.1616961728571,481.1574074074074,29.063792937554123,-1.0382696301961536,247
19,1,2024-03-01,2024,March,579,621,513,0,579,589.0033199402543,481.1574074074074,20.334840758202645,22.41385269613676,248
19,1,2024-10-01,2024,October,509,579,621,1,509,587.6297926058013,481.1574074074074,5.786587125950171,22.12838949567313,249
19,1,2025-03-01,2025,March,694,509,579,0,694,529.4115755836849,481.1574074074074,44.235543154045985,10.028769677740733,250
19,1,2025-10-01,2025,October,513,694,509,1,513,636.7517276382523,481.1574074074074,6.6179159049360115,32.33750906366064,251
22,1,2023-03-01,2023,March,287,328,278,0,287,321.90193432664546,481.1574074074074,-40.352160107764846,-33.09841449576116,252
22,1,2023-10-01,2023,October,258,287,328,1,258,305.399497579249,481.1574074074074,-46.3792937554123,-36.52815214363727,253
22,1,2024-03-01,2024,March,312,258,287,0,312,275.8596672678563,481.1574074074074,-35.15635523910324,-42.66747990969213,254
22,1,2024-10-01,2024,October,331,312,258,1,331,303.62479430490157,481.1574074074074,-31.207543538920422,-36.89699262016863,255
22,1,2025-03-01,2025,March,381,331,312,0,381,333.2551993242221,481.1574074074074,-20.815933801597232,-30.738840513776612,256
22,1,2025-10-01,2025,October,353,381,331,1,353,371.34289307314265,481.1574074074074,-26.635235254498212,-22.822991529107274,257
36,1,2023-03-01,2023,March,354,318,353,0,354,335.4328718003802,481.1574074074074,-26.427403059751754,-30.286250063617693,258
36,1,2023-10-01,2023,October,371,354,318,1,371,349.0905177981607,481.1574074074074,-22.894255749061866,-27.44775152082871,259
36,1,2024-03-01,2024,March,360,371,354,0,360,372.425092154529,481.1574074074074,-25.18040989127297,-22.598075718870135,260
36,1,2024-10-01,2024,October,384,360,371,1,384,367.70522135799615,481.1574074074074,-20.19243721735784,-23.579016825433296,261
36,1,2025-03-01,2025,March,423,384,360,0,423,383.0684758423667,481.1574074074074,-12.086981622245741,-20.386037927498112,262
36,1,2025-10-01,2025,October,447,423,384,1,447,414.8990975632534,481.1574074074074,-7.0990089483305985,-13.770609955101765,263
37,1,2023-03-01,2023,March,118,102,75,0,118,109.94868295083816,481.1574074074074,-75.47580101991726,-77.14912391284419,264
37,1,2023-10-01,2023,October,81,118,102,1,81,126.66282214222367,481.1574074074074,-83.16559222553643,-73.67538768140064,265
37,1,2024-03-01,2024,March,134,81,118,0,134,107.12937652275525,481.1574074074074,-72.15048590397383,-77.73506655545546,266
37,1,2024-10-01,2024,October,132,134,81,1,132,132.01937665734556,481.1574074074074,-72.56615029346676,-72.56212320024378,267
37,1,2025-03-01,2025,March,156,132,134,0,156,146.82778437165098,481.1574074074074,-67.57817761955162,-69.48445932427921,268
37,1,2025-10-01,2025,October,138,156,132,1,138,161.1736148837055,481.1574074074074,-71.31915712498798,-66.50293388349813,269
40,1,2023-03-01,2023,March,504,448,431,0,504,446.7769004011382,481.1574074074074,4.747426152217837,-7.145376227609102,270
40,1,2023-10-01,2023,October,519,504,448,1,519,488.47593411372895,481.1574074074074,7.864909073414794,1.5210254676854218,271
40,1,2024-03-01,2024,March,511,519,504,0,511,515.8806381099502,481.1574074074074,6.202251515443091,7.216605245597263,272
40,1,2024-10-01,2024,October,590,511,519,1,590,512.6936488662312,481.1574074074074,22.620994900413738,6.554246276441789,273
40,1,2025-03-01,2025,March,675,590,511,0,675,566.9803395033638,481.1574074074074,40.28673145386319,17.836768337079366,274
40,1,2025-10-01,2025,October,610,675,590,1,610,645.6840204535454,481.1574074074074,26.77763879534303,34.193927083581066,275
63,1,2023-03-01,2023,March,301,324,249,0,301,311.2197920038893,481.1574074074074,-37.44250938131435,-35.318507579293666,276
63,1,2023-10-01,2023,October,282,301,324,1,282,314.0078164471602,481.1574074074074,-41.39132108149715,-34.739066340241884,277
63,1,2024-03-01,2024,March,298,282,301,0,298,296.3063725610032,481.1574074074074,-38.06600596555374,-38.417996273283286,278
63,1,2024-10-01,2024,October,264,298,282,1,264,300.4722440174141,481.1574074074074,-45.13230058693352,-37.55219406546575,279
63,1,2025-03-01,2025,March,299,264,298,0,299,283.0172568088019,481.1574074074074,-37.85817377080727,-41.179902366303075,280
63,1,2025-10-01,2025,October,258,299,264,1,258,296.25487176531817,481.1574074074074,-46.3792937554123,-38.428699796681684,281
64,1,2023-03-01,2023,March,373,281,310,0,373,298.0686489519084,481.1574074074074,-22.478591359568934,-38.05173850321156,282
64,1,2023-10-01,2023,October,349,373,281,1,349,352.16091585979984,481.1574074074074,-27.466564033484076,-26.80962395293297,283
64,1,2024-03-01,2024,March,411,349,373,0,411,362.3660439596522,481.1574074074074,-14.580967959203306,-24.688669782271845,284
64,1,2024-10-01,2024,October,406,411,349,1,406,397.0376689040868,481.1574074074074,-15.620128932935629,-17.482789874643757,285
64,1,2025-03-01,2025,March,472,406,411,0,472,412.2227140687266,481.1574074074074,-1.9032040796690075,-14.326848610752485,286
64,1,2025-10-01,2025,October,547,472,406,1,547,454.84859704570545,481.1574074074074,13.684210526315788,-5.467817798641028,287
75,1,2023-03-01,2023,March,269,228,211,0,269,234.34316255368333,481.1574074074074,-44.093139613201195,-51.29594620264062,288
75,1,2023-10-01,2023,October,272,269,228,1,272,265.64990421199263,481.1574074074074,-43.469643028961805,-44.78939737343365,289
75,1,2024-03-01,2024,March,208,272,269,0,208,280.6489481294709,481.1574074074074,-56.77090349273549,-41.67211315696554,290
75,1,2024-10-01,2024,October,265,208,272,1,265,235.39060740151388,481.1574074074074,-44.924468392187045,-51.078253441040125,291
75,1,2025-03-01,2025,March,264,265,208,0,264,259.1591176671805,481.1574074074074,-45.13230058693352,-46.13839178667277,292
75,1,2025-10-01,2025,October,249,264,265,1,249,272.2789787343494,481.1574074074074,-48.24978350813047,-43.41166226631438,293
79,1,2023-03-01,2023,March,679,562,554,0,679,559.3112967832828,481.1574074074074,41.11806023284903,16.24289435696056,294
79,1,2023-10-01,2023,October,738,679,562,1,738,640.8172223220939,481.1574074074074,53.38015972289041,33.18244974653353,295
79,1,2024-03-01,2024,March,683,738,679,0,683,715.3460771811663,481.1574074074074,41.949389011834896,48.6719452238352,296
79,1,2024-10-01,2024,October,524,683,738,1,524,691.5992637109645,481.1574074074074,8.904070047147128,43.736592862088266,297
79,1,2025-03-01,2025,March,619,524,683,0,619,568.1738642561697,481.1574074074074,28.6481285480612,18.08482120593926,298
79,1,2025-10-01,2025,October,651,619,524,1,651,588.8820938021632,481.1574074074074,35.29875877994804,22.388658001796657,299
86,1,2023-03-01,2023,March,944,888,998,0,944,906.2885065817388,481.1574074074074,96.19359184066198,88.35592939637793,300
86,1,2023-10-01,2023,October,1043,944,888,1,1043,913.3434098086386,481.1574074074074,116.76897912056194,89.82216541774844,301
86,1,2024-03-01,2024,March,1069,1043,944,0,1069,998.9449493088358,481.1574074074074,122.17261618396998,107.61292124575053,302
86,1,2024-10-01,2024,October,966,1069,1043,1,966,1042.228050092601,481.1574074074074,100.7659001250842,116.60854307707287,303
86,1,2025-03-01,2025,March,1045,966,1069,0,1045,979.6964037245062,481.1574074074074,117.18464351005484,103.61245377128196,304
86,1,2025-10-01,2025,October,1083,1045,966,1,1083,1004.5956737711193,481.1574074074074,125.08226691042049,108.78732371265447,305
87,1,2023-03-01,2023,March,241,200,236,0,241,221.76392811122105,481.1574074074074,-49.91244106610219,-53.910316105047876,306
87,1,2023-10-01,2023,October,250,241,200,1,250,238.61288303140742,481.1574074074074,-48.041951313384004,-50.4085608248013,307
87,1,2024-03-01,2024,March,225,250,241,0,225,257.76884377059827,481.1574074074074,-53.2377561820456,-46.42733546189818,308
87,1,2024-10-01,2024,October,234,225,250,1,234,241.16719295789994,481.1574074074074,-51.36726642932743,-49.87769298671568,309
87,1,2025-03-01,2025,March,254,234,225,0,254,242.31911738169248,481.1574074074074,-47.21062253439815,-49.63828600553683,310
87,1,2025-10-01,2025,October,241,254,234,1,241,256.8943427318383,481.1574074074074,-49.91244106610219,-46.60908493209172,311
88,1,2023-03-01,2023,March,1046,575,616,0,1046,585.230832496307,481.1574074074074,117.39247570480131,21.629808351007718,312
88,1,2023-10-01,2023,October,1163,1046,575,1,1163,898.6282174941208,481.1574074074074,141.7088424901376,86.7638747029059,313
88,1,2024-03-01,2024,March,1219,1163,1046,0,1219,1109.907705503248,481.1574074074074,153.3474453959396,130.67455440075202,314
88,1,2024-10-01,2024,October,920,1219,1163,1,920,1178.8855821179575,481.1574074074074,91.20561916674686,145.01037788653787,315
88,1,2025-03-01,2025,March,1263,920,1219,0,1263,988.7449724445547,481.1574074074074,162.492061964784,105.49303766768384,316
88,1,2025-10-01,2025,October,1160,1263,920,1,1160,1143.0820505583679,481.1574074074074,141.08534590589824,137.56925134283412,317
98,1,2023-03-01,2023,March,189,127,120,0,189,139.54464901392726,481.1574074074074,-60.71971519291831,-70.9981293303105,318
98,1,2023-10-01,2023,October,157,189,127,1,157,182.67271525801863,481.1574074074074,-67.37034542480515,-62.03472866763011,319
98,1,2024-03-01,2024,March,187,157,189,0,187,179.15163472495192,481.1574074074074,-61.13537958241124,-62.766522562696416,320
98,1,2024-10-01,2024,October,196,187,157,1,196,189.4707291880834,481.1574074074074,-59.26488982969307,-60.62188251262772,321
98,1,2025-03-01,2025,March,195,196,187,0,195,205.62601720804116,481.1574074074074,-59.47272202443952,-57.26429354667864,322
98,1,2025-10-01,2025,October,189,195,196,1,189,205.65203368219312,481.1574074074074,-60.71971519291831,-57.25888648575608,323
10,2,2023-03-01,2023,March,969,811,768,0,969,844.3429343849717,1676.8974358974358,-42.2147127631921,-49.64850465448417,324
10,2,2023-10-01,2023,October,911,969,811,1,911,963.8020532212269,1676.8974358974358,-45.6734812458906,-42.52468680617769,325
10,2,2024-03-01,2024,March,1034,911,969,0,1034,968.455355646773,1676.8974358974358,-38.33850670499549,-42.2471920515235,326
10,2,2024-10-01,2024,October,946,1034,911,1,946,1036.1141616918983,1676.8974358974358,-43.58629336840012,-38.2124309148702,327
10,2,2025-03-01,2025,March,991,946,1034,0,991,1010.43528499314,1676.8974358974358,-40.90276609734094,-39.74376349067652,328
10,2,2025-10-01,2025,October,977,991,946,1,977,1015.8705194853663,1676.8974358974358,-41.737641248337134,-39.41963904657673,329
11,2,2023-03-01,2023,March,2037,1644,1525,0,2037,1627.9623939017706,1676.8974358974358,21.474334469946022,-2.9181893267954284,330
11,2,2023-10-01,2023,October,2135,2037,1644,1,2135,1930.9660088607109,1676.8974358974358,27.318460526919374,15.151109872578683,331
11,2,2024-03-01,2024,March,2155,2135,2037,0,2155,2107.8044294707624,1676.8974358974358,28.5111393140568,25.696681523203324,332
11,2,2024-10-01,2024,October,1910,2155,2135,1,1910,2146.6578250037937,1676.8974358974358,13.900824171623416,28.013662556228635,333
11,2,2025-03-01,2025,March,2213,1910,2155,0,2213,1984.1090832810416,1676.8974358974358,31.969907796755304,18.320240749798366,334
11,2,2025-10-01,2025,October,1971,2213,1910,1,1971,2125.4639577505814,1676.8974358974358,17.53849447239255,26.74978876171299,335
12,2,2023-03-01,2023,March,1538,1455,1455,0,1538,1477.924323986342,1676.8974358974358,-8.283001269132551,-11.86555048935406,336
12,2,2023-10-01,2023,October,1951,1538,1455,1,1951,1533.6920801032788,1676.8974358974358,16.345815685255126,-8.539899503007875,337
12,2,2024-03-01,2024,March,1880,1951,1538,0,1880,1844.2042208566718,1676.8974358974358,12.1118059909173,9.977162668252127,338
12,2,2024-10-01,2024,October,1796,1880,1951,1,1796,1905.9393997354034,1676.8974358974358,7.102555084940132,13.658674581691987,339
12,2,2025-03-01,2025,March,2034,1796,1880,0,2034,1830.1108456876766,1676.8974358974358,21.295432651875412,9.136719188090625,340
12,2,2025-10-01,2025,October,2296,2034,1796,1,2296,1970.3513916610752,1676.8974358974358,36.91952476337559,17.49981540204275,341
14,2,2023-03-01,2023,March,1286,1069,1090,0,1286,1110.9282318634341,1676.8974358974358,-23.310753987064015,-33.75097319122015,342
14,2,2023-10-01,2023,October,1659,1286,1069,1,1659,1253.8052399891733,1676.8974358974358,-1.0672946069511746,-25.230654353158666,343
14,2,2024-03-01,2024,March,1699,1659,1286,0,1699,1573.1582514199883,1676.8974358974358,1.3180629673236632,-6.186376236059344,344
14,2,2024-10-01,2024,October,1638,1699,1659,1,1638,1700.8848543395545,1676.8974358974358,-2.3196073334454614,1.4304642567051884,345
14,2,2025-03-01,2025,March,1686,1638,1699,0,1686,1671.2706637297445,1676.8974358974358,0.5428217556843418,-0.3355465902230348,346
14,2,2025-10-01,2025,October,1981,1686,1638,1,1981,1686.149644216399,1676.8974358974358,18.134833865961262,0.5517456298101964,347
17,2,2023-03-01,2023,March,970,684,627,0,970,717.8916931667353,1676.8974358974358,-42.155078823835225,-57.189290304893525,348
17,2,2023-10-01,2023,October,1064,970,684,1,1064,929.8507422058216,1676.8974358974358,-36.54948852428935,-44.549337228356634,349
17,2,2024-03-01,2024,March,1298,1064,970,0,1298,1074.7295230294644,1676.8974358974358,-22.595146714781567,-35.90964479862213,350
17,2,2024-10-01,2024,October,1218,1298,1064,1,1218,1260.7551314874925,1676.8974358974358,-27.365861863331244,-24.816204945011066,351
17,2,2025-03-01,2025,March,1411,1218,1298,0,1411,1270.8983261723695,1676.8974358974358,-15.856511567455156,-24.21132628828818,352
17,2,2025-10-01,2025,October,1139,1411,1218,1,1139,1381.0531496990084,1676.8974358974358,-32.076943072524045,-17.642360222233776,353
21,2,2023-03-01,2023,March,1288,1236,1208,0,1288,1258.8181180256004,1676.8974358974358,-23.19148610835028,-24.931716688330987,354
21,2,2023-10-01,2023,October,1417,1288,1236,1,1417,1300.7465465762823,1676.8974358974358,-15.498707931313927,-22.431359322810728,355
21,2,2024-03-01,2024,March,1463,1417,1288,0,1463,1406.0415164689573,1676.8974358974358,-12.75554672089787,-16.152205473647395,356
21,2,2024-10-01,2024,October,1183,1463,1417,1,1183,1471.3646595290668,1676.8974358974358,-29.453049740821726,-12.256729121800625,357
21,2,2025-03-01,2025,March,1411,1183,1463,0,1411,1291.6597355008755,1676.8974358974358,-15.856511567455156,-22.97324166342888,358
21,2,2025-10-01,2025,October,1141,1411,1183,1,1141,1371.5055546832668,1676.8974358974358,-31.957675193810296,-18.21172092440647,359
65,2,2023-03-01,2023,March,780,823,795,0,780,860.022055611969,1676.8974358974358,-53.48552730164069,-48.71349689006439,360
65,2,2023-10-01,2023,October,1318,780,823,1,1318,836.1326344855355,1676.8974358974358,-21.402467927644153,-50.13811718078887,361
65,2,2024-03-01,2024,March,1332,1318,780,0,1332,1198.8758669679373,1676.8974358974358,-20.56759277664796,-28.506309252817996,362
65,2,2024-10-01,2024,October,1443,1332,1318,1,1443,1353.5992544485784,1676.8974358974358,-13.948225508035284,-19.279544146707806,363
65,2,2025-03-01,2025,March,1580,1443,1332,0,1580,1436.0575135733109,1676.8974358974358,-5.778375816143977,-14.362233322590367,364
65,2,2025-10-01,2025,October,1532,1580,1443,1,1532,1559.5170367070125,1676.8974358974358,-8.64080490527378,-6.9998556070069995,365
66,2,2023-03-01,2023,March,918,1540,1278,0,918,1488.530427023853,1676.8974358974358,-45.25604367039251,-11.2330667840024,366
66,2,2023-10-01,2023,October,1642,918,1540,1,1642,1127.3310249931153,1676.8974358974358,-2.0810715760179788,-32.77281002044145,367
66,2,2024-03-01,2024,March,1230,1642,918,0,1230,1460.994178545339,1676.8974358974358,-26.650254591048782,-12.875161755885822,368
66,2,2024-10-01,2024,October,1581,1230,1642,1,1581,1371.3151194823295,1676.8974358974358,-5.718741876787103,-18.223077325630587,369
66,2,2025-03-01,2025,March,1857,1581,1230,0,1857,1503.8421807125385,1676.8974358974358,10.740225385709268,-10.319966593083985,370
66,2,2025-10-01,2025,October,1642,1857,1581,1,1642,1789.0728331809994,1676.8974358974358,-2.0810715760179788,6.6894608389409305,371
67,2,2023-03-01,2023,March,925,1452,1026,0,925,1358.8196295253963,1676.8974358974358,-44.838606094894416,-18.968232615956726,372
67,2,2023-10-01,2023,October,1212,925,1452,1,1212,1108.1753795312488,1676.8974358974358,-27.72366549947246,-33.91513662025611,373
67,2,2024-03-01,2024,March,1267,1212,925,0,1267,1164.9913253257541,1676.8974358974358,-24.443798834844564,-30.526977954243318,374
67,2,2024-10-01,2024,October,981,1267,1212,1,981,1279.65041540378,1676.8974358974358,-41.499105490909635,-23.68940472981632,375
67,2,2025-03-01,2025,March,1236,981,1267,0,1236,1098.2436704150666,1676.8974358974358,-26.292450954907565,-34.50740355940061,376
67,2,2025-10-01,2025,October,1089,1236,981,1,1089,1195.1588847210376,1676.8974358974358,-35.058640040367585,-28.72796754672018,377
72,2,2023-03-01,2023,March,2349,1560,1590,0,2349,1587.496806284172,1676.8974358974358,40.08012354928976,-5.3313117248234505,378
72,2,2023-10-01,2023,October,2450,2349,1560,1,2450,2124.2114555519843,1676.8974358974358,46.103151424333724,26.675097121557513,379
72,2,2024-03-01,2024,March,3194,2450,2349,0,3194,2411.152552465282,1676.8974358974358,90.47080230584568,43.78652509387913,380
72,2,2024-10-01,2024,October,2025,3194,2450,1,2025,2952.425609772026,1676.8974358974358,20.758727197663585,76.0647697688176,381
72,2,2025-03-01,2025,March,2684,2025,3194,0,2684,2347.210500116879,1676.8974358974358,60.057493233841505,39.97340862178058,382
72,2,2025-10-01,2025,October,3329,2684,2025,1,3329,2483.1525975924537,1676.8974358974358,98.52138411902325,48.080171418684834,383
74,2,2023-03-01,2023,March,2378,2773,2254,0,2378,2609.018340610462,1676.8974358974358,41.80950779063901,55.586041504928254,384
74,2,2023-10-01,2023,October,2337,2378,2773,1,2337,2475.195584592961,1676.8974358974358,39.3645162770073,47.605663388011266,385
74,2,2024-03-01,2024,March,2046,2337,2378,0,2046,2340.774816764643,1676.8974358974358,22.01103992415787,39.58962347103334,386
74,2,2024-10-01,2024,October,1588,2046,2337,1,1588,2126.2437654049622,1676.8974358974358,-5.301304301289001,26.79629176408436,387
74,2,2025-03-01,2025,March,1974,1588,2046,0,1974,1731.2872750858248,1676.8974358974358,17.71739629046316,3.2434803717903415,388
74,2,2025-10-01,2025,October,1921,1974,1588,1,1921,1872.0422302075426,1676.8974358974358,14.556797504549014,11.637252829697964,389
76,2,2023-03-01,2023,March,1076,926,856,0,1076,948.0225552216604,1676.8974358974358,-35.833881252006904,-43.46568043296571,390
76,2,2023-10-01,2023,October,1162,1076,926,1,1162,1069.304405879204,1676.8974358974358,-30.70536246731601,-36.23316590576467,391
76,2,2024-03-01,2024,March,1106,1162,1076,0,1106,1171.541404593682,1676.8974358974358,-34.04486307130078,-30.136370924397006,392
76,2,2024-10-01,2024,October,1054,1106,1162,1,1054,1154.4670592367668,1676.8974358974358,-37.145827917858064,-31.15458139996956,393
76,2,2025-03-01,2025,March,1295,1054,1106,0,1295,1104.9005546734916,1676.8974358974358,-22.774048532852177,-34.110427327227974,394
76,2,2025-10-01,2025,October,1103,1295,1054,1,1103,1255.9487887864243,1676.8974358974358,-34.22376488937139,-25.10282609417491,395
78,2,2023-03-01,2023,March,2186,1581,1634,0,2186,1614.048706037098,1676.8974358974358,30.3597914341198,-3.7479173451477443,396
78,2,2023-10-01,2023,October,2371,2186,1581,1,2371,2017.0104389049045,1676.8974358974358,41.392070215140905,20.28227819583064,397
78,2,2024-03-01,2024,March,2338,2371,2186,0,2338,2311.95530038228,1676.8974358974358,39.42415021636416,37.871002178793134,398
78,2,2024-10-01,2024,October,3761,2338,2371,1,3761,2337.821857315027,1676.8974358974358,124.28324592119147,39.413526866291626,399
78,2,2025-03-01,2025,March,4501,3761,2338,0,4501,3316.4382052902424,1676.8974358974358,168.41236104527596,97.7722748150881,400
78,2,2025-10-01,2025,October,2309,4501,3761,1,2309,4215.566287881854,1676.8974358974358,37.69476597501491,151.39082436641584,401
