,site_id,cluster,survey_date,actual_total_count,lag_1_total,lag_2_total,huber_pred,cluster_mean_count,absolute_error,actual_normalised,huber_pred_normalised,absolute_percentage_error
0,2,0,2023-03-01,769,727,560,679.6405932634872,557.0231481481482,89.35940673651282,1.3805530390551626,1.2201298914111325,0.11620208938428196
1,2,0,2023-10-01,952,769,727,752.5584187452599,557.0231481481482,199.44158125474007,1.7090851666846747,1.3510361665348716,0.20949745930119756
2,2,0,2024-03-01,907,952,769,892.5377557431361,557.0231481481482,14.462244256863869,1.6282985779233192,1.602335125048974,0.015945142510324
3,2,0,2024-10-01,758,907,952,909.5449021744158,557.0231481481482,151.54490217441582,1.3608052062468312,1.6328673327100394,0.19992731157574647
4,2,0,2025-03-01,1032,758,907,795.7755817126873,557.0231481481482,236.2244182873127,1.8527057689270843,1.4286221036922502,0.228899630123365
5,2,0,2025-10-01,897,1032,758,943.2263807299838,557.0231481481482,46.226380729983816,1.610346002643018,1.693334260642108,0.051534426677796896
6,23,0,2023-03-01,420,452,103,364.4509268723125,557.0231481481482,55.54907312768751,0.7540081617726506,0.6542832700650739,0.1322596979230655
7,23,0,2023-10-01,582,420,452,435.74760563481976,557.0231481481482,146.25239436518024,1.04483988131353,0.7822791693370102,0.25129277382333376
8,23,0,2024-03-01,553,582,420,540.9913900091342,557.0231481481482,12.008609990865807,0.9927774130006566,0.971218865513377,0.021715388771909237
9,23,0,2024-10-01,533,553,582,563.3550909555357,557.0231481481482,30.35509095553573,0.9568722624400542,1.0113674679920188,0.056951390160479794
10,23,0,2025-03-01,652,533,553,543.3240970249661,557.0231481481482,108.67590297503386,1.1705079082756384,0.975406675344238,0.16668083278379428
11,23,0,2025-10-01,569,652,533,618.5775854917548,557.0231481481482,49.5775854917548,1.0215015334491384,1.1105060670247682,0.08713108170782918
12,26,0,2023-03-01,442,437,102,353.7858463890099,557.0231481481482,88.21415361099008,0.7935038273893132,0.6351367040403778,0.19957953305653864
13,26,0,2023-10-01,606,442,437,446.89780754578135,557.0231481481482,159.10219245421865,1.087926061986253,0.80229665325672,0.26254487203666443
14,26,0,2024-03-01,585,606,442,563.6204027344505,557.0231481481482,21.379597265549478,1.0502256538976205,1.0118437709603905,0.03654632011205039
15,26,0,2024-10-01,548,585,606,592.0722363011779,557.0231481481482,44.072236301177895,0.983801125360506,1.062922139357318,0.08042378887076258
16,26,0,2025-03-01,712,548,585,562.4456188079256,557.0231481481482,149.5543811920744,1.2782233599574457,1.0097347312724878,0.21004828819111573
17,26,0,2025-10-01,630,712,548,664.2385801441982,557.0231481481482,34.23858014419818,1.131012242658976,1.1924793114119103,0.054346952609838385
18,27,0,2023-03-01,174,116,129,138.75608401096014,557.0231481481482,35.24391598903986,0.312374809877241,0.24910290438065602,0.20255124131632105
19,27,0,2023-10-01,138,174,116,173.65710379348604,557.0231481481482,35.657103793486044,0.24774553886815662,0.3117592228811638,0.25838481009772496
20,27,0,2024-03-01,161,138,174,166.27359166319292,557.0231481481482,5.273591663192917,0.2890364620128494,0.29850391714595337,0.03275522772169514
21,27,0,2024-10-01,129,161,138,170.65179611824163,557.0231481481482,41.651796118241634,0.23158822111588553,0.3063639216531346,0.32288214045148556
22,27,0,2025-03-01,183,129,161,156.49196685334863,557.0231481481482,26.50803314665137,0.32853212762951206,0.2809433815697142,0.1448526401456359
23,27,0,2025-10-01,126,183,129,183.43872860333033,557.0231481481482,57.43872860333033,0.22620244853179516,0.32931975845740297,0.4558629254232566
24,28,0,2023-03-01,287,298,69,248.48192186163652,557.0231481481482,38.51807813836348,0.5152389105446445,0.44608904080149514,0.13420933149255568
25,28,0,2023-10-01,398,287,298,301.5931980175953,557.0231481481482,96.40680198240472,0.7145124961559879,0.5414374591437667,0.24222814568443396
26,28,0,2024-03-01,359,398,287,377.2317464167979,557.0231481481482,18.231746416797876,0.6444974525628132,0.6772281325667058,0.05078480896043976
27,28,0,2024-10-01,341,359,398,378.75504278026466,557.0231481481482,37.75504278026466,0.612182817058271,0.6799628418306405,0.11071860052863537
28,28,0,2025-03-01,429,341,359,357.38180350005405,557.0231481481482,71.61819649994595,0.7701654795249216,0.6415923731144533,0.166942182983557
29,28,0,2025-10-01,376,429,341,411.70346524603684,557.0231481481482,35.70346524603684,0.6750168305393253,0.7391137452990347,0.09495602459052352
30,29,0,2023-03-01,132,103,103,122.65693174269873,557.0231481481482,9.343068257301269,0.2369739936999759,0.22020078007615654,0.07078082013107022
31,29,0,2023-10-01,135,132,103,141.01243646422273,557.0231481481482,6.012436464222731,0.24235976628406625,0.2531536381082649,0.04453656640164986
32,29,0,2024-03-01,132,135,132,152.73801923344678,557.0231481481482,20.738019233446778,0.2369739936999759,0.27420407884525466,0.15710620631399075
33,29,0,2024-10-01,106,132,135,149.7416661929007,557.0231481481482,43.74166619290071,0.19029729797119277,0.2688248534925784,0.41265722823491235
34,29,0,2025-03-01,142,106,132,132.6462545951694,557.0231481481482,9.35374540483059,0.2549265689802771,0.23813418712697784,0.06587144651289148
35,29,0,2025-10-01,136,142,106,148.75899645414057,557.0231481481482,12.758996454140572,0.2441550238120964,0.26706070824650185,0.09381615039809243
36,30,0,2023-03-01,310,241,336,281.8257226040241,557.0231481481482,28.174277395975878,0.5565298336893373,0.5059497500974027,0.09088476579347057
37,30,0,2023-10-01,275,310,241,301.97910537995244,557.0231481481482,26.979105379952443,0.4936958202082831,0.5421302622411607,0.09810583774528162
38,30,0,2024-03-01,286,275,310,298.28908543917777,557.0231481481482,12.289085439177768,0.5134436530166144,0.5355057261639037,0.04296883020691527
39,30,0,2024-10-01,254,286,275,294.62624467982255,557.0231481481482,40.62624467982255,0.4559954121196506,0.5289299837166956,0.15994584519615176
40,30,0,2025-03-01,345,254,286,277.1929542666753,557.0231481481482,67.80704573332468,0.6193638471703915,0.49763273786415774,0.19654216154586865
41,30,0,2025-10-01,254,345,254,329.77403641721776,557.0231481481482,75.77403641721776,0.4559954121196506,0.5920293214268892,0.29832297802054236
42,34,0,2023-03-01,265,281,230,280.62292793919534,557.0231481481482,15.622927939195336,0.4757432449279819,0.5037904239206944,0.058954445053567305
43,34,0,2023-10-01,276,265,281,281.7137663779557,557.0231481481482,5.7137663779557215,0.49549107773631323,0.5057487598397437,0.02070205209404247
44,34,0,2024-03-01,266,276,265,286.7064256035098,557.0231481481482,20.706425603509786,0.47753850245601204,0.5147118688993086,0.07784370527635258
45,34,0,2024-10-01,257,266,276,281.0426437031352,557.0231481481482,24.042643703135184,0.46138118470374095,0.5045439218055403,0.09355114281375558
46,34,0,2025-03-01,302,257,266,273.81564409710785,557.0231481481482,28.18435590289215,0.5421677734650964,0.49156959635774905,0.09332568179765613
47,34,0,2025-10-01,283,302,257,300.801164482008,557.0231481481482,17.801164482008005,0.5080578804325241,0.5400155549765514,0.06290164127918023
48,35,0,2023-03-01,993,762,705,743.4435969315492,557.0231481481482,249.55640306845078,1.7826907253339095,1.3346727140571544,0.2513156123549353
49,35,0,2023-10-01,1273,993,762,917.297575104937,557.0231481481482,355.702424895063,2.2853628331823432,1.6467853771509129,0.2794206008602223
50,35,0,2024-03-01,1254,1273,993,1176.037413805504,557.0231481481482,77.962586194496,2.251252940149771,2.1112900203794047,0.062171121367221686
51,35,0,2024-10-01,863,1254,1273,1237.51834407926,557.0231481481482,374.51834407926003,1.549307246689994,2.2216641232836603,0.43397258873610667
52,35,0,2025-03-01,1492,863,1254,963.1792109630088,557.0231481481482,528.8207890369912,2.6785242318209397,1.729154729323453,0.3544375261642032
53,35,0,2025-10-01,1302,1492,863,1290.5661221085047,557.0231481481482,11.433877891495285,2.337425301495217,2.3168985461359326,0.008781780254604674
54,42,0,2023-03-01,386,430,411,433.2277346645587,557.0231481481482,47.22773466455868,0.6929694058196265,0.7777553520079845,0.12235164420870125
55,42,0,2023-10-01,547,386,430,406.1903982066492,557.0231481481482,140.8096017933508,0.9820058678324759,0.7292163701940393,0.2574215754905865
56,42,0,2024-03-01,626,547,386,507.4679019624239,557.0231481481482,118.53209803757608,1.1238312125468555,0.9110355712316927,0.18934839942104806
57,42,0,2024-10-01,506,626,547,604.3833172706303,557.0231481481482,98.3833172706303,0.9084003091832409,1.0850237001459158,0.1944334333411666
58,42,0,2025-03-01,708,506,626,544.5315266458063,557.0231481481482,163.46847335419375,1.2710423298453253,0.9775743224606178,0.2308876742290872
59,42,0,2025-10-01,566,708,506,650.0101882441667,557.0231481481482,84.01018824416667,1.0161157608650482,1.1669356837416158,0.14842789442432275
60,44,0,2023-03-01,976,872,794,843.9319088458318,557.0231481481482,132.0680911541682,1.7521713473573974,1.515075112500309,0.13531566716615595
61,44,0,2023-10-01,1070,976,872,935.5263713024152,557.0231481481482,134.4736286975848,1.9209255549922288,1.6795107607513626,0.1256762885024157
62,44,0,2024-03-01,1133,1070,976,1030.7576580442023,557.0231481481482,102.24234195579766,2.0340267792581264,1.8504754451785508,0.09024037242347542
63,44,0,2024-10-01,1103,1133,1070,1098.3111370834224,557.0231481481482,4.688862916577591,1.9801690534172227,1.9717513369683357,0.004251008990550853
64,44,0,2025-03-01,1295,1103,1133,1096.4484839199476,557.0231481481482,198.55151608005235,2.324858498799006,1.9684073948544984,0.15332163403865046
65,44,0,2025-10-01,1154,1295,1103,1219.5499094273605,557.0231481481482,65.54990942736049,2.071727187346759,2.1894061557079203,0.056802347857331445
66,45,0,2023-03-01,534,486,439,479.66370101313584,557.0231481481482,54.336298986864165,0.9586675199680843,0.8611198701666211,0.10175336888925873
67,45,0,2023-10-01,719,534,486,524.0038318340787,557.0231481481482,194.9961681659213,1.2907901626536566,0.9407218238167591,0.27120468451449414
68,45,0,2024-03-01,669,719,534,667.0055383466529,557.0231481481482,1.9944616533471162,1.2010272862521505,1.1974467139546117,0.0029812580767520423
69,45,0,2024-10-01,655,669,719,681.0941642845478,557.0231481481482,26.094164284547787,1.175893680859729,1.222739425729218,0.03983841875503479
70,45,0,2025-03-01,848,655,669,659.4915301662459,557.0231481481482,188.50846983375413,1.5223783837695422,1.1839571342030561,0.22229772386055913
71,45,0,2025-10-01,705,848,655,787.6503900082831,557.0231481481482,82.65039000828313,1.2656565572612348,1.4140352921182306,0.11723459575642997
72,46,0,2023-03-01,373,338,353,353.66661451507065,557.0231481481482,19.33338548492935,0.6696310579552349,0.6349226521211072,0.05183213266737092
73,46,0,2023-10-01,349,373,338,372.0872096229894,557.0231481481482,23.087209622989405,0.6265448772825121,0.6679923641593932,0.0661524631031215
74,46,0,2024-03-01,356,349,373,366.74339726863406,557.0231481481482,10.743397268634055,0.6391116799787229,0.6583988448018564,0.0301780822152642
75,46,0,2024-10-01,313,356,349,363.3099513473702,557.0231481481482,50.3099513473702,0.5619156062734277,0.6522349251646231,0.16073466884143833
76,46,0,2025-03-01,369,313,356,337.16449304499855,557.0231481481482,31.83550695500145,0.6624500278431145,0.6052970943234929,0.08627508659891991
77,46,0,2025-10-01,321,369,313,362.49622101631803,557.0231481481482,41.49622101631803,0.5762776664976687,0.6507740696620153,0.12927171656173841
78,48,0,2023-03-01,294,292,280,301.88336356339437,557.0231481481482,7.883363563394369,0.5278057132408555,0.5419583810242375,0.026814161780252956
79,48,0,2023-10-01,365,294,292,304.8062037354661,557.0231481481482,60.19379626453389,0.655268997730994,0.5472056318463782,0.16491451031379148
80,48,0,2024-03-01,341,365,294,356.2782229005271,557.0231481481482,15.278222900527112,0.612182817058271,0.6396111617353646,0.04480417272881851
81,48,0,2024-10-01,271,341,365,357.2822741574278,557.0231481481482,86.28227415742782,0.4865147900961626,0.6414136923128436,0.31838477548866356
82,48,0,2025-03-01,362,271,341,303.9742488576928,557.0231481481482,58.02575114230717,0.6498832251469036,0.5457120585890742,0.16029213022736788
83,48,0,2025-10-01,323,362,271,346.1893707054302,557.0231481481482,23.18937070543018,0.5798681815537289,0.6214990738829336,0.07179371735427299
84,50,0,2023-03-01,315,266,326,296.4183250709479,557.0231481481482,18.5816749290521,0.565506121329488,0.5321472295296986,0.05898944421921301
85,50,0,2023-10-01,379,315,266,312.26291345690925,557.0231481481482,66.73708654309075,0.6804026031234156,0.5605923461081344,0.17608729958599142
86,50,0,2024-03-01,388,379,315,371.706252493968,557.0231481481482,16.29374750603199,0.6965599208756867,0.6673084480056608,0.04199419460317524
87,50,0,2024-10-01,340,388,379,393.6638272671395,557.0231481481482,53.66382726713948,0.6103875595302409,0.7067279494144811,0.15783478607982201
88,50,0,2025-03-01,430,340,388,364.59984847138304,557.0231481481482,65.40015152861696,0.7719607370529518,0.6545506226868916,0.15209337564794642
89,50,0,2025-10-01,342,430,340,412.1234962873011,557.0231481481482,70.12349628730112,0.6139780745863012,0.7398678091878708,0.20503946282836585
90,51,0,2023-03-01,492,404,413,415.76000529518,557.0231481481482,76.23999470481999,0.8832667037908193,0.7463962793600146,0.15495933883093493
91,51,0,2023-10-01,532,492,404,472.53676290235353,557.0231481481482,59.46323709764647,0.9550770049120241,0.8483251808714343,0.11177300206324524
92,51,0,2024-03-01,535,532,492,525.9911833843884,557.0231481481482,9.008816615611636,0.9604627774961144,0.9442896316482948,0.016838909561890908
93,51,0,2024-10-01,415,535,532,537.2449190393387,557.0231481481482,122.2449190393387,0.7450318741324999,0.9644929853013053,0.2945660699743101
94,51,0,2025-03-01,575,415,535,456.6612078089045,557.0231481481482,118.33879219109548,1.0322730786173193,0.8198244710782631,0.20580659511494867
95,51,0,2025-10-01,395,575,415,533.041451655277,557.0231481481482,138.041451655277,0.7091267235718975,0.9569466788362395,0.3494720295070304
96,52,0,2023-03-01,227,238,252,256.83303615538813,557.0231481481482,29.83303615538813,0.40752345886283736,0.46108144160479264,0.13142306676382437
97,52,0,2023-10-01,298,227,238,243.6567240591985,557.0231481481482,54.343275940801504,0.5349867433529759,0.43742656812243386,0.18235998637852854
98,52,0,2024-03-01,311,298,227,291.58249364698406,557.0231481481482,19.417506353015938,0.5583250912173674,0.5234656667615429,0.062435711746031956
99,52,0,2024-10-01,263,311,298,318.2208653044455,557.0231481481482,55.22086530444551,0.4721527298719217,0.5712884040140648,0.20996526731728332
100,52,0,2025-03-01,363,263,311,290.24804022477383,557.0231481481482,72.75195977522617,0.6516784826749337,0.5210699792095145,0.20041862197032004
101,52,0,2025-10-01,293,363,263,344.69988274354614,557.0231481481482,51.69988274354614,0.5260104557128252,0.618825059406451,0.17645011175271721
102,54,0,2023-03-01,568,429,447,442.355298639036,557.0231481481482,125.644701360964,1.0197062759211084,0.7941416799457415,0.22120546014254228
103,54,0,2023-10-01,604,568,429,532.0107533695756,557.0231481481482,71.98924663042442,1.0843355469301927,0.9550963099797063,0.11918749442123248
104,54,0,2024-03-01,629,604,568,596.6061058505493,557.0231481481482,32.393894149450716,1.1292169851309457,1.0710616027969335,0.051500626628697484
105,54,0,2024-10-01,488,629,604,622.0107161356943,557.0231481481482,134.01071613569434,0.8760856736786987,1.1166694206580114,0.27461212322888184
106,54,0,2025-03-01,629,488,629,532.8791414677322,557.0231481481482,96.12085853226779,1.1292169851309457,0.9566552902501738,0.1528153553772143
107,54,0,2025-10-01,554,629,488,590.3672583692367,557.0231481481482,36.36725836923665,0.9945726705286867,1.0598612648898753,0.06564487070259323
108,55,0,2023-03-01,340,292,263,297.2459602700342,557.0231481481482,42.754039729965825,0.6103875595302409,0.5336330478513209,0.1257471756763701
109,55,0,2023-10-01,308,340,292,336.67589936859576,557.0231481481482,28.675899368595765,0.552939318633277,0.6044199428477828,0.09310356937855768
110,55,0,2024-03-01,298,308,340,329.3357808292324,557.0231481481482,31.33578082923242,0.5349867433529759,0.5912425397833573,0.10515362694373295
111,55,0,2024-10-01,276,298,308,311.9420964809468,557.0231481481482,35.942096480946816,0.49549107773631323,0.5600163970169179,0.1302249872498073
112,55,0,2025-03-01,313,276,298,295.70844376120897,557.0231481481482,17.29155623879103,0.5619156062734277,0.5308728097643819,0.05524458862233556
113,55,0,2025-10-01,291,313,276,313.60515880655026,557.0231481481482,22.605158806550264,0.522419940656765,0.5630020221765408,0.07768095809811087
114,56,0,2023-03-01,230,227,49,193.83597089094752,557.0231481481482,36.16402910905248,0.4129092314469277,0.34798548594500084,0.15723490916979338
115,56,0,2023-10-01,333,230,227,242.7345097508217,557.0231481481482,90.2654902491783,0.5978207568340301,0.4357709559428633,0.2710675382858207
116,56,0,2024-03-01,332,333,230,316.6495403940375,557.0231481481482,15.350459605962499,0.596025499306,0.5684674711396736,0.046236324114344876
117,56,0,2024-10-01,248,332,333,342.317669196181,557.0231481481482,94.31766919618099,0.44522386695146987,0.6145483726021683,0.38031318224266525
118,56,0,2025-03-01,367,248,332,285.58430517993736,557.0231481481482,81.41569482006264,0.6588595127870542,0.5126973737615339,0.22184113029989821
119,56,0,2025-10-01,349,367,248,343.37933418937007,557.0231481481482,5.62066581062993,0.6265448772825121,0.6164543346734371,0.01610505962931212
120,58,0,2023-03-01,472,350,357,363.0716018745805,557.0231481481482,108.9283981254195,0.8473615532302169,0.6518070264792954,0.23078050450300744
121,58,0,2023-10-01,567,472,350,443.9497983295008,557.0231481481482,123.05020167049918,1.0179110183930782,0.7970042175184902,0.2170197560326264
122,58,0,2024-03-01,544,567,472,544.7840962639546,557.0231481481482,0.7840962639545523,0.9766200952483856,0.9780277499689503,0.0014413534263870448
123,58,0,2024-10-01,389,544,567,553.0278892876491,557.0231481481482,164.02788928764915,0.6983551784037169,0.9928274814542601,0.42166552516105177
124,58,0,2025-03-01,438,389,544,441.1029974426741,557.0231481481482,3.102997442674109,0.7863227972771928,0.7918934767956116,0.007084469047201163
125,58,0,2025-10-01,435,438,389,431.03268507162267,557.0231481481482,3.967314928377334,0.7809370246931023,0.7738146727018667,0.009120264203166285
126,69,0,2023-03-01,331,306,265,307.4910097120725,557.0231481481482,23.508990287927475,0.5942302417779699,0.5520255499871811,0.07102413984268119
127,69,0,2023-10-01,318,331,306,334.2595621423235,557.0231481481482,16.25956214232349,0.5708918939135783,0.6000819952520581,0.051130698560765686
128,69,0,2024-03-01,312,318,331,333.808879670896,557.0231481481482,21.808879670895976,0.5601203487453976,0.5992729041524766,0.06990025535543583
129,69,0,2024-10-01,299,312,318,324.3694533551547,557.0231481481482,25.36945335515469,0.536782000881006,0.5823267029988565,0.0848476700841294
130,69,0,2025-03-01,404,299,312,315.46232958407035,557.0231481481482,88.53767041592965,0.7252840413241687,0.5663361219957213,0.21915264954438032
131,69,0,2025-10-01,279,404,299,382.92586447001133,557.0231481481482,103.92586447001133,0.5008768503204036,0.6874505408672295,0.3724941378853453
132,70,0,2023-03-01,718,688,561,652.8934223513767,557.0231481481482,65.10657764862333,1.2889949051256264,1.172111831477658,0.09067768474738626
133,70,0,2023-10-01,757,718,688,706.5858770288769,557.0231481481482,50.414122971123106,1.3590099487188012,1.2685036149358562,0.06659725623662233
134,70,0,2024-03-01,774,757,718,743.5257491573974,557.0231481481482,30.4742508426026,1.3895293266953133,1.3348201984590526,0.03937241710930568
135,70,0,2024-10-01,657,774,757,764.2061689673227,557.0231481481482,107.2061689673227,1.1794841959157891,1.3719468778056443,0.16317529523184582
136,70,0,2025-03-01,827,657,774,689.5199541540413,557.0231481481482,137.48004584595867,1.4846779756809096,1.2378658884220262,0.166239475025343
137,70,0,2025-10-01,636,827,657,773.6467579903316,557.0231481481482,137.6467579903316,1.1417837878271566,1.3888951663182396,0.21642572011058428
138,71,0,2023-03-01,985,923,872,900.5431992940411,557.0231481481482,84.45680070595893,1.7683286651096686,1.6167069578489563,0.08574294487914612
139,71,0,2023-10-01,1083,985,923,955.6739564150646,557.0231481481482,127.3260435849354,1.9442639028566204,1.7156808645964738,0.1175679072806421
140,71,0,2024-03-01,1084,1083,985,1042.2194070191035,557.0231481481482,41.78059298089647,1.9460591603846504,1.8710522363101338,0.038542982454701544
141,71,0,2024-10-01,1033,1084,1083,1067.909232616712,557.0231481481482,34.90923261671196,1.8545010264551145,1.917172089108021,0.033794029638636945
142,71,0,2025-03-01,1218,1033,1084,1034.5844879779297,557.0231481481482,183.4155120220703,2.186623669140687,1.857345590425566,0.15058744829398218
143,71,0,2025-10-01,1003,1218,1033,1147.1076201838996,557.0231481481482,144.1076201838996,1.8006433006142109,2.0593535905958618,0.14367659041266162
144,80,0,2023-03-01,831,923,1039,946.0988669405792,557.0231481481482,115.09886694057923,1.49185900579303,1.698491113135842,0.13850645841224937
145,80,0,2023-10-01,1085,831,923,848.979757991109,557.0231481481482,236.02024200889105,1.9478544179126807,1.524137301678728,0.21753017696671986
146,80,0,2024-03-01,1412,1085,831,1001.5956278904115,557.0231481481482,410.4043721095885,2.53490362957853,1.7981220910123166,0.2906546544685471
147,80,0,2024-10-01,1370,1412,1085,1295.699595728374,557.0231481481482,74.3004042716259,2.459502813401265,2.326114453296947,0.05423387173111379
148,80,0,2025-03-01,1612,1370,1412,1357.5392541830677,557.0231481481482,254.46074581693233,2.8939551351845543,2.437132565668547,0.1578540606804791
149,80,0,2025-10-01,1480,1612,1370,1512.0081920564976,557.0231481481482,32.00819205649759,2.6569811414845783,2.7144440892326394,0.021627156794930807
150,81,0,2023-03-01,523,657,678,663.3322649680074,557.0231481481482,140.3322649680074,0.9389196871597529,1.1908522422690857,0.2683217303403583
151,81,0,2023-10-01,749,523,657,563.029639023562,557.0231481481482,185.97036097643797,1.3446478884945603,1.010783197961131,0.24829153668416284
152,81,0,2024-03-01,762,749,523,684.7894497359827,557.0231481481482,77.21055026401734,1.3679862363589517,1.2293734147541266,0.10132618144884166
153,81,0,2024-10-01,684,762,749,753.710027891728,557.0231481481482,69.71002789172803,1.2279561491726023,1.3531036015244169,0.10191524545574274
154,81,0,2025-03-01,880,684,762,704.9526187034936,557.0231481481482,175.0473812965064,1.579826624666506,1.265571495631994,0.19891747874603
155,81,0,2025-10-01,746,880,684,817.7314774990313,557.0231481481482,71.73147749903126,1.3392621159104698,1.4680385908873288,0.09615479557510892
156,82,0,2023-03-01,1253,1025,1018,1011.0378959002478,557.0231481481482,241.9621040997522,2.249457682621741,1.8150733937386532,0.19310622833180544
157,82,0,2023-10-01,1438,1253,1025,1169.1739942117201,557.0231481481482,268.8260057882799,2.5815803253073133,2.098968414685635,0.1869443712018636
158,82,0,2024-03-01,1270,1438,1253,1361.277617948108,557.0231481481482,91.27761794810795,2.279977060598253,2.443843891360251,0.07187214011662042
159,82,0,2024-10-01,1152,1270,1438,1293.6135463923224,557.0231481481482,141.6135463923224,2.0681366722906986,2.322369457522558,0.12292842568777987
160,82,0,2025-03-01,1287,1152,1270,1167.7686527398362,557.0231481481482,119.23134726016383,2.310496438574765,2.0964454648287822,0.09264284946399676
161,82,0,2025-10-01,1139,1287,1152,1227.3739866871153,557.0231481481482,88.37398668711535,2.0447983244263073,2.2034523893083846,0.07758910156902138
162,84,0,2023-03-01,125,114,93,127.55006162562655,557.0231481481482,2.5500616256265545,0.22440719100376505,0.22898520833411184,0.020400493005012437
163,84,0,2023-10-01,156,125,114,139.1633728914578,557.0231481481482,16.83662710854219,0.2800601743726988,0.24983409280945243,0.10792709684962941
164,84,0,2024-03-01,175,156,125,165.37770910629246,557.0231481481482,9.622290893707543,0.3141700674052711,0.29689557724144694,0.054984519392614534
165,84,0,2024-10-01,128,175,156,185.26146042461897,557.0231481481482,57.261460424618974,0.22979296358785542,0.33259203148115146,0.44735515956733574
166,84,0,2025-03-01,204,128,175,159.61818538935984,557.0231481481482,44.38181461064016,0.36623253571814457,0.28655574893075564,0.21755791475804
167,84,0,2025-10-01,173,204,128,197.71514905030313,557.0231481481482,24.715149050303125,0.3105795523492108,0.354949609738154,0.14286213323874639
168,85,0,2023-03-01,186,206,188,217.20435364889852,557.0231481481482,31.20435364889852,0.3339179002136024,0.3899377510091016,0.16776534219837913
169,85,0,2023-10-01,218,186,206,206.521896048818,557.0231481481482,11.478103951181993,0.3913661411105662,0.3707599885846945,0.05265185298707336
170,85,0,2024-03-01,208,218,186,224.97261043428125,557.0231481481482,16.97261043428125,0.373413565830265,0.40388377248273105,0.08159908862635216
171,85,0,2024-10-01,186,208,218,225.03738554335166,557.0231481481482,39.03738554335166,0.3339179002136024,0.40400006048491865,0.2098784168997401
172,85,0,2025-03-01,260,186,208,208.80373282361376,557.0231481481482,51.19626717638624,0.4667669572878313,0.3748564732323825,0.19690871990917785
173,85,0,2025-10-01,205,260,186,252.33476826951585,557.0231481481482,47.33476826951585,0.3680277932461747,0.45300589231958427,0.23090130863178462
174,91,0,2023-03-01,781,590,488,565.0835589448583,557.0231481481482,215.91644105514172,1.402096129391524,1.014470513161809,0.27646151223449644
175,91,0,2023-10-01,756,781,590,723.5002376127824,557.0231481481482,32.49976238721763,1.357214691190771,1.2988692481059285,0.04298910368679581
176,91,0,2024-03-01,745,756,781,760.0186007154468,557.0231481481482,15.018600715446837,1.3374668583824396,1.3644291143773242,0.02015919559120381
177,91,0,2024-10-01,786,745,756,743.8416159000241,557.0231481481482,42.15838409997593,1.4110724170316746,1.3353872606066075,0.05363662099233579
178,91,0,2025-03-01,802,786,745,770.9828013792469,557.0231481481482,31.017198620753106,1.4397965374801567,1.3841126781578441,0.03867481124782183
179,91,0,2025-10-01,822,802,786,791.515978576929,557.0231481481482,30.484021423071,1.475701688040759,1.4209750190963593,0.03708518421298175
180,93,0,2023-03-01,548,470,448,471.0336853497597,557.0231481481482,76.96631465024029,0.983801125360506,0.8456267695799271,0.14044947928875967
181,93,0,2023-10-01,573,548,470,529.3386895537358,557.0231481481482,43.661310446264224,1.028682563561259,0.950299267298943,0.07619774946992011
182,93,0,2024-03-01,578,573,548,569.6729336912773,557.0231481481482,8.327066308722692,1.0376588512014095,1.0227096227242691,0.014406689115437184
183,93,0,2024-10-01,543,578,573,578.2204818514807,557.0231481481482,35.22048185148071,0.9748248377203554,1.0380546729050744,0.06486276584066429
184,93,0,2025-03-01,565,543,578,557.0720024533501,557.0231481481482,7.927997546649863,1.014320503337018,1.0000877060591906,0.014031854064867014
185,93,0,2025-10-01,546,565,543,561.0301758671346,557.0231481481482,15.03017586713463,0.9802106103044458,1.0071936466775357,0.027527794628451705
186,94,0,2023-03-01,425,352,325,355.7280110864734,557.0231481481482,69.27198891352663,0.7629844494128012,0.6386233898341734,0.1629929150906509
187,94,0,2023-10-01,491,425,352,411.9328600841282,557.0231481481482,79.06713991587179,0.8814714462627892,0.7395255681090095,0.16103287151908716
188,94,0,2024-03-01,511,491,425,479.30876035826634,557.0231481481482,31.69123964173366,0.9173765968233916,0.8604826602839626,0.062018081490672526
189,94,0,2024-10-01,448,511,491,509.4329261626199,557.0231481481482,61.43292616261988,0.8042753725574939,0.9145632957198558,0.1371270673272765
190,94,0,2025-03-01,565,448,511,472.9773280318151,557.0231481481482,92.02267196818491,1.014320503337018,0.8491161087366877,0.16287198578439807
191,94,0,2025-10-01,492,565,448,535.1152751101218,557.0231481481482,43.11527511012184,0.8832667037908193,0.9606697260053552,0.08763267298805252
192,95,0,2023-03-01,630,533,628,563.7832292015552,557.0231481481482,66.21677079844483,1.131012242658976,1.0121360864012228,0.10510598539435687
193,95,0,2023-10-01,720,630,533,603.3355571454755,557.0231481481482,116.66444285452451,1.2925854201816867,1.0831427008936618,0.16203394840906182
194,95,0,2024-03-01,766,720,630,693.8860470029723,557.0231481481482,72.1139529970277,1.3751672664710723,1.245704149477148,0.09414354177157662
195,95,0,2024-10-01,715,766,720,748.5704413312553,557.0231481481482,33.570441331255324,1.2836091325415362,1.3438767200607658,0.046951666197559895
196,95,0,2025-03-01,970,715,766,727.5211759984265,557.0231481481482,242.47882400157346,1.7413998021892168,1.3060878680125014,0.24997816907378706
197,95,0,2025-10-01,858,970,715,888.5416711243764,557.0231481481482,30.54167112437642,1.5403309590498433,1.5951611240545003,0.03559635329181401
198,96,0,2023-03-01,610,654,673,659.8898644120452,557.0231481481482,49.8898644120452,1.0951070920983734,1.1846722467564996,0.0817866629705659
199,96,0,2023-10-01,842,610,654,622.4865676513306,557.0231481481482,219.51343234866943,1.5116068386013615,1.1175236966736821,0.2607047890126715
200,96,0,2024-03-01,764,842,610,772.9542537973705,557.0231481481482,8.954253797370484,1.371576751415012,1.3876519429526337,0.01172022748346922
201,96,0,2024-10-01,661,764,842,780.4649907312693,557.0231481481482,119.46499073126927,1.1866652260279096,1.4011356499742693,0.18073372274019556
202,96,0,2025-03-01,829,661,764,689.5633477449711,557.0231481481482,139.4366522550289,1.4882684907369699,1.237943791092811,0.16819861550666934
203,96,0,2025-10-01,715,829,661,776.1235506469872,557.0231481481482,61.123550646987155,1.2836091325415362,1.39334164698047,0.08548748342235966
204,99,0,2023-03-01,142,163,168,181.95734784620146,557.0231481481482,39.95734784620146,0.2549265689802771,0.32666029850128836,0.281389773564799
205,99,0,2023-10-01,273,142,163,164.3079369083482,557.0231481481482,108.69206309165179,0.4901053051522229,0.2949750606498102,0.39813942524414575
206,99,0,2024-03-01,286,273,142,251.0749904230475,557.0231481481482,34.925009576952505,0.5134436530166144,0.4507442666570664,0.12211541810123254
207,99,0,2024-10-01,302,286,273,294.0806678217802,557.0231481481482,7.919332178219804,0.5421677734650964,0.5279505327551761,0.02622295423251591
208,99,0,2025-03-01,243,302,286,310.44828884037577,557.0231481481482,67.44828884037577,0.43624757931131924,0.5573346276047538,0.2775649746517521
209,99,0,2025-10-01,323,243,302,272.20029504112125,557.0231481481482,50.79970495887875,0.5798681815537289,0.4886696288045928,0.15727462835566175
210,100,0,2023-03-01,299,275,272,287.9231251363726,557.0231481481482,11.076874863627381,0.536782000881006,0.5168961578950313,0.03704640422617853
211,100,0,2023-10-01,369,299,275,303.63289779353306,557.0231481481482,65.36710220646694,0.6624500278431145,0.5450992455214404,0.17714661844570986
212,100,0,2024-03-01,381,369,299,360.4134429267748,557.0231481481482,20.586557073225208,0.6839931181794758,0.6470349466175466,0.05403295819744149
213,100,0,2024-10-01,410,381,369,386.0862066849296,557.0231481481482,23.913793315070393,0.7360555864923494,0.6931241690197129,0.058326325158708274
214,100,0,2025-03-01,475,410,381,411.1876923882146,557.0231481481482,63.8123076117854,0.8527473258143072,0.7381878001932757,0.13434170023533767
215,100,0,2025-10-01,429,475,410,462.39556248162836,557.0231481481482,33.39556248162836,0.7701654795249216,0.8301191144728652,0.0778451339898097
216,4,1,2023-03-01,680,685,741,695.5395278553523,481.1574074074074,15.539527855352276,1.413258924275955,1.4455550660709717,0.02285224684610629
217,4,1,2023-10-01,839,680,685,675.0630185619854,481.1574074074074,163.93698143801464,1.7437121139228327,1.4029982873991036,0.19539568705365273
218,4,1,2024-03-01,787,839,680,785.5936321090155,481.1574074074074,1.406367890984484,1.6356393726546714,1.6327164874006288,0.0017869985908316186
219,4,1,2024-10-01,764,787,839,791.2041199517886,481.1574074074074,27.204119951788584,1.5878379678629848,1.6443768874202476,0.035607486847890814
220,4,1,2025-03-01,819,764,787,762.8205337428755,481.1574074074074,56.179466257124545,1.70214567497354,1.5853866572545088,0.06859519689514597
221,4,1,2025-10-01,701,819,764,792.9152108243333,481.1574074074074,91.91521082433326,1.4569036851727124,1.6479330851347638,0.13112012956395613
222,5,1,2023-03-01,448,422,385,416.2153264387425,481.1574074074074,31.784673561257478,0.9310882324641586,0.8650294478087981,0.0709479320563783
223,5,1,2023-10-01,530,448,422,442.5855446231942,481.1574074074074,87.41445537680579,1.101510632156259,0.9198352510209752,0.16493293467321848
224,5,1,2024-03-01,482,530,448,508.2255002579034,481.1574074074074,26.225500257903377,1.0017511786779563,1.0562562114471965,0.054409751572413644
225,5,1,2024-10-01,422,482,530,495.6025569471869,481.1574074074074,73.60255694718688,0.877051861830078,1.0300216713229324,0.17441364205494522
226,5,1,2025-03-01,525,422,482,442.67580405379766,481.1574074074074,82.32419594620234,1.0911190224189358,0.920022839176564,0.15680799227848063
227,5,1,2025-10-01,418,525,422,495.93264383517203,481.1574074074074,77.93264383517203,0.8687385740402194,1.0307076981468022,0.18644173166309097
228,8,1,2023-03-01,186,189,167,195.32051233561947,481.1574074074074,9.320512335619469,0.386567882228423,0.40593890757715584,0.050110281374298224
229,8,1,2023-10-01,147,186,189,197.50713944647595,481.1574074074074,50.507139446475946,0.30551332627730204,0.41048342269257004,0.34358598262908807
230,8,1,2024-03-01,348,147,186,171.40507473503408,481.1574074074074,176.59492526496592,0.7232560377176946,0.35623492872863816,0.5074566817958791
231,8,1,2024-10-01,165,348,147,298.28677961382516,481.1574074074074,133.28677961382516,0.3429231213316656,0.6199359607099609,0.8077986643262131
232,8,1,2025-03-01,214,165,348,228.0675507016041,481.1574074074074,14.067550701604091,0.4447608967574329,0.47399779612764825,0.06573621823179482
233,8,1,2025-10-01,194,214,165,210.35916231795937,481.1574074074074,16.359162317959374,0.4031944578081401,0.4371940638956916,0.08432557895855347
234,13,1,2023-03-01,55,78,69,91.68428508986081,481.1574074074074,36.68428508986081,0.11430770711055518,0.19054946193986275,0.6669870016338328
235,13,1,2023-10-01,674,55,78,76.46827321773334,481.1574074074074,597.5317267822667,1.4007889925911672,0.1589256905131377,0.886545588697725
236,13,1,2024-03-01,729,674,55,500.78565137367826,481.1574074074074,228.21434862632174,1.5150966997017223,1.0407938102252912,0.31305123268356894
237,13,1,2024-10-01,742,729,674,706.0104998867381,481.1574074074074,35.9895001132619,1.5421148850187627,1.4673171170550894,0.04850336942488126
238,13,1,2025-03-01,848,742,729,731.7567765133673,481.1574074074074,116.2432234866327,1.7624170114500144,1.5208261688337086,0.1370792729795197
239,13,1,2025-10-01,929,848,742,807.0056300241445,481.1574074074074,121.99436997585553,1.9307610891946503,1.6772175126067084,0.1313179439998445
240,16,1,2023-03-01,293,234,320,268.23401813870527,481.1574074074074,24.765981861294733,0.6089483306071395,0.5574766469542994,0.08452553536278067
241,16,1,2023-10-01,442,293,234,283.91430207297,481.1574074074074,158.08569792703003,0.9186183007793708,0.590065325197359,0.3576599500611539
242,16,1,2024-03-01,355,442,293,404.97518037450186,481.1574074074074,49.97518037450186,0.7378042913499471,0.8416688055507785,0.1407751559845123
243,16,1,2024-10-01,401,355,442,383.6091024670733,481.1574074074074,17.390897532926715,0.8334071009333205,0.7972632169045303,0.04336882177787211
244,16,1,2025-03-01,433,401,355,393.48246469211296,481.1574074074074,39.517535307887044,0.899913403252189,0.8177832423120985,0.09126451572260287
245,16,1,2025-10-01,377,433,401,426.4646955594679,481.1574074074074,49.464695559467884,0.7835273741941692,0.886330936600068,0.1312060890171562
246,19,1,2023-03-01,513,380,354,378.6604673870978,481.1574074074074,134.3395326129022,1.0661791590493601,0.7869783600078238,0.26187043394327914
247,19,1,2023-10-01,621,513,380,476.1616961728571,481.1574074074074,144.8383038271429,1.2906379293755412,0.9896173036980385,0.2332339836185876
248,19,1,2024-03-01,579,621,513,589.0033199402543,481.1574074074074,10.0033199402543,1.2033484075820264,1.2241385269613676,0.01727689108852211
249,19,1,2024-10-01,509,579,621,587.6297926058013,481.1574074074074,78.6297926058013,1.0578658712595017,1.2212838949567313,0.15447896386208507
250,19,1,2025-03-01,694,509,579,529.4115755836849,481.1574074074074,164.5884244163151,1.4423554315404599,1.1002876967774073,0.2371591129918085
251,19,1,2025-10-01,513,694,509,636.7517276382523,481.1574074074074,123.7517276382523,1.0661791590493601,1.3233750906366064,0.24123143789133003
252,22,1,2023-03-01,287,328,278,321.90193432664546,481.1574074074074,34.90193432664546,0.5964783989223515,0.6690158550423884,0.12160952727054167
253,22,1,2023-10-01,258,287,328,305.399497579249,481.1574074074074,47.39949757924899,0.536207062445877,0.6347184785636273,0.18371898286530616
254,22,1,2024-03-01,312,258,287,275.8596672678563,481.1574074074074,36.14033273214369,0.6484364476089676,0.5733252009030787,0.11583439978251182
255,22,1,2024-10-01,331,312,258,303.62479430490157,481.1574074074074,27.37520569509843,0.6879245646107958,0.6310300737983137,0.08270454892778982
256,22,1,2025-03-01,381,331,312,333.2551993242221,481.1574074074074,47.744800675777924,0.7918406619840277,0.6926115948622339,0.1253144374692334
257,22,1,2025-10-01,353,381,331,371.34289307314265,481.1574074074074,18.342893073142648,0.7336476474550179,0.7717700847089273,0.05196286989558824
258,36,1,2023-03-01,354,318,353,335.4328718003802,481.1574074074074,18.567128199619788,0.7357259694024825,0.6971374993638231,0.05244951468819149
259,36,1,2023-10-01,371,354,318,349.0905177981607,481.1574074074074,21.909482201839296,0.7710574425093814,0.7255224847917129,0.059055208091211044
260,36,1,2024-03-01,360,371,354,372.425092154529,481.1574074074074,12.425092154529011,0.7481959010872703,0.7740192428112986,0.0345141448736917
261,36,1,2024-10-01,384,360,371,367.70522135799615,481.1574074074074,16.29477864200385,0.7980756278264216,0.764209831745667,0.042434319380218355
262,36,1,2025-03-01,423,384,360,383.0684758423667,481.1574074074074,39.931524157633305,0.8791301837775426,0.7961396207250189,0.09440076633010237
263,36,1,2025-10-01,447,423,384,414.8990975632534,481.1574074074074,32.100902436746594,0.929009910516694,0.8622939004489824,0.0718140994110662
264,37,1,2023-03-01,118,102,75,109.94868295083816,481.1574074074074,8.051317049161838,0.24524198980082748,0.2285087608715582,0.06823150041662575
265,37,1,2023-10-01,81,118,102,126.66282214222367,481.1574074074074,45.662822142223675,0.1683440777446358,0.2632461231859936,0.5637385449657244
266,37,1,2024-03-01,134,81,118,107.12937652275525,481.1574074074074,26.87062347724475,0.27849514096026173,0.22264933444544535,0.20052704087496082
267,37,1,2024-10-01,132,134,81,132.01937665734556,481.1574074074074,0.01937665734556049,0.2743384970653324,0.2743787679975622,0.00014679285867848856
268,37,1,2025-03-01,156,132,134,146.82778437165098,481.1574074074074,9.172215628349022,0.3242182238044838,0.30515540675720787,0.058796254027878345
269,37,1,2025-10-01,138,156,132,161.1736148837055,481.1574074074074,23.17361488370551,0.2868084287501203,0.33497066116501867,0.16792474553409792
270,40,1,2023-03-01,504,448,431,446.7769004011382,481.1574074074074,57.22309959886178,1.0474742615221784,0.928546237723909,0.11353789602948766
271,40,1,2023-10-01,519,504,448,488.47593411372895,481.1574074074074,30.524065886271046,1.078649090734148,1.0152102546768542,0.058813229067959626
272,40,1,2024-03-01,511,519,504,515.8806381099502,481.1574074074074,4.880638109950155,1.062022515154431,1.0721660524559726,0.00955115090009815
273,40,1,2024-10-01,590,511,519,512.6936488662312,481.1574074074074,77.30635113376877,1.2262099490041374,1.0655424627644179,0.13102771378604877
274,40,1,2025-03-01,675,590,511,566.9803395033638,481.1574074074074,108.01966049663622,1.402867314538632,1.1783676833707937,0.16002912666168329
275,40,1,2025-10-01,610,675,590,645.6840204535454,481.1574074074074,35.68402045354537,1.2677763879534303,1.3419392708358107,0.05849839418613995
276,63,1,2023-03-01,301,324,249,311.2197920038893,481.1574074074074,10.219792003889324,0.6255749061868565,0.6468149242070633,0.033952797355114035
277,63,1,2023-10-01,282,301,324,314.0078164471602,481.1574074074074,32.007816447160224,0.5860867891850284,0.6526093365975811,0.11350289520269582
278,63,1,2024-03-01,298,282,301,296.3063725610032,481.1574074074074,1.6936274389968275,0.6193399403444626,0.6158200372671672,0.00568331355368063
279,63,1,2024-10-01,264,298,282,300.4722440174141,481.1574074074074,36.472244017414084,0.5486769941306648,0.6244780593453425,0.13815243945990183
280,63,1,2025-03-01,299,264,298,283.0172568088019,481.1574074074074,15.982743191198097,0.6214182622919273,0.5882009763369692,0.053453990606013704
281,63,1,2025-10-01,258,299,264,296.25487176531817,481.1574074074074,38.25487176531817,0.536207062445877,0.6157130020331831,0.14827469676479912
282,64,1,2023-03-01,373,281,310,298.0686489519084,481.1574074074074,74.93135104809159,0.7752140864043107,0.6194826149678844,0.2008883406115056
283,64,1,2023-10-01,349,373,281,352.16091585979984,481.1574074074074,3.160915859799843,0.7253343596651592,0.7319037604706703,0.009057065500859149
284,64,1,2024-03-01,411,349,373,362.3660439596522,481.1574074074074,48.63395604034781,0.8541903204079669,0.7531133021772816,0.1183307932855178
285,64,1,2024-10-01,406,411,349,397.0376689040868,481.1574074074074,8.962331095913214,0.8437987106706437,0.8251721012535624,0.02207470713279117
286,64,1,2025-03-01,472,406,411,412.2227140687266,481.1574074074074,59.77728593127341,0.9809679592033099,0.8567315138924751,0.12664679222727418
287,64,1,2025-10-01,547,472,406,454.84859704570545,481.1574074074074,92.15140295429455,1.1368421052631579,0.9453218220135897,0.16846691582137943
288,75,1,2023-03-01,269,228,211,234.34316255368333,481.1574074074074,34.65683744631667,0.5590686038679881,0.48704053797359376,0.12883582693798018
289,75,1,2023-10-01,272,269,228,265.64990421199263,481.1574074074074,6.350095788007366,0.565303569710382,0.5521060262656635,0.0233459403970859
290,75,1,2024-03-01,208,272,269,280.6489481294709,481.1574074074074,72.64894812947091,0.4322909650726451,0.5832788684303446,0.34927378908399476
291,75,1,2024-10-01,265,208,272,235.39060740151388,481.1574074074074,29.609392598486124,0.5507553160781296,0.4892174655895988,0.11173355697541934
292,75,1,2025-03-01,264,265,208,259.1591176671805,481.1574074074074,4.84088233281949,0.5486769941306648,0.5386160821332723,0.018336675503104128
293,75,1,2025-10-01,249,264,265,272.2789787343494,481.1574074074074,23.27897873434938,0.5175021649186953,0.5658833773368562,0.09348987443513807
294,79,1,2023-03-01,679,562,554,559.3112967832828,481.1574074074074,119.68870321671716,1.4111806023284903,1.1624289435696056,0.17627202241048182
295,79,1,2023-10-01,738,679,562,640.8172223220939,481.1574074074074,97.18277767790607,1.533801597228904,1.3318244974653353,0.13168398059336867
296,79,1,2024-03-01,683,738,679,715.3460771811663,481.1574074074074,32.346077181166265,1.419493890118349,1.486719452238352,0.04735882456978956
297,79,1,2024-10-01,524,683,738,691.5992637109645,481.1574074074074,167.59926371096446,1.0890407004714713,1.4373659286208826,0.31984592311252763
298,79,1,2025-03-01,619,524,683,568.1738642561697,481.1574074074074,50.826135743830264,1.286481285480612,1.1808482120593926,0.08211007389956423
299,79,1,2025-10-01,651,619,524,588.8820938021632,481.1574074074074,62.11790619783676,1.3529875877994804,1.2238865800179666,0.09541921074936523
300,86,1,2023-03-01,944,888,998,906.2885065817388,481.1574074074074,37.71149341826117,1.9619359184066198,1.8835592939637793,0.03994861590917497
301,86,1,2023-10-01,1043,944,888,913.3434098086386,481.1574074074074,129.65659019136137,2.1676897912056194,1.8982216541774843,0.12431120823716335
302,86,1,2024-03-01,1069,1043,944,998.9449493088358,481.1574074074074,70.05505069116418,2.2217261618396997,2.0761292124575053,0.06553325602541084
303,86,1,2024-10-01,966,1069,1043,1042.228050092601,481.1574074074074,76.22805009260105,2.007659001250842,2.1660854307707287,0.0789110249405808
304,86,1,2025-03-01,1045,966,1069,979.6964037245062,481.1574074074074,65.30359627549376,2.1718464351005484,2.0361245377128196,0.062491479689467715
305,86,1,2025-10-01,1083,1045,966,1004.5956737711193,481.1574074074074,78.40432622888068,2.250822669104205,2.0878732371265447,0.07239549974965898
306,87,1,2023-03-01,241,200,236,221.76392811122105,481.1574074074074,19.23607188877895,0.5008755893389781,0.46089683894952127,0.07981772567958072
307,87,1,2023-10-01,250,241,200,238.61288303140742,481.1574074074074,11.38711696859258,0.51958048686616,0.495914391751987,0.045548467874370314
308,87,1,2024-03-01,225,250,241,257.76884377059827,481.1574074074074,32.76884377059827,0.46762243817954396,0.5357266453810182,0.1456393056471034
309,87,1,2024-10-01,234,225,250,241.16719295789994,481.1574074074074,7.1671929578999425,0.4863273357067257,0.5012230701328432,0.030629029734615138
310,87,1,2025-03-01,254,234,225,242.31911738169248,481.1574074074074,11.680882618307521,0.5278937746560185,0.5036171399446318,0.0459877268437304
311,87,1,2025-10-01,241,254,234,256.8943427318383,481.1574074074074,15.894342731838321,0.5008755893389781,0.5339091506790828,0.06595162959269013
312,88,1,2023-03-01,1046,575,616,585.230832496307,481.1574074074074,460.769167503693,2.173924757048013,1.2162980835100772,0.4405058962750411
313,88,1,2023-10-01,1163,1046,575,898.6282174941208,481.1574074074074,264.3717825058792,2.417088424901376,1.867638747029059,0.2273188155682538
314,88,1,2024-03-01,1219,1163,1046,1109.907705503248,481.1574074074074,109.09229449675195,2.533474453959396,2.30674554400752,0.08949326866017387
315,88,1,2024-10-01,920,1219,1163,1178.8855821179575,481.1574074074074,258.8855821179575,1.9120561916674685,2.450103778865379,0.2813973718673451
316,88,1,2025-03-01,1263,920,1219,988.7449724445547,481.1574074074074,274.2550275554453,2.62492061964784,2.0549303766768383,0.21714570669473102
317,88,1,2025-10-01,1160,1263,920,1143.0820505583679,481.1574074074074,16.917949441632118,2.4108534590589823,2.375692513428341,0.01458443917382079
318,98,1,2023-03-01,189,127,120,139.54464901392726,481.1574074074074,49.455350986072744,0.3928028480708169,0.2900187066968949,0.2616685237358346
319,98,1,2023-10-01,157,189,127,182.67271525801863,481.1574074074074,25.672715258018627,0.32629654575194844,0.3796527133236989,0.16352047935043712
320,98,1,2024-03-01,187,157,189,179.15163472495192,481.1574074074074,7.8483652750480815,0.38864620417588763,0.37233477437303586,0.04196986778100578
321,98,1,2024-10-01,196,187,157,189.4707291880834,481.1574074074074,6.529270811916604,0.4073511017030694,0.39378117487372283,0.03331260618324798
322,98,1,2025-03-01,195,196,187,205.62601720804116,481.1574074074074,10.626017208041162,0.4052727797556048,0.42735706453321365,0.054492395938672625
323,98,1,2025-10-01,189,195,196,205.65203368219312,481.1574074074074,16.65203368219312,0.3928028480708169,0.4274111351424393,0.08810599831848212
324,10,2,2023-03-01,969,811,768,844.3429343849717,1676.8974358974358,124.65706561502827,0.577852872368079,0.5035149534551583,0.12864506255420874
325,10,2,2023-10-01,911,969,811,963.8020532212269,1676.8974358974358,52.802053221226856,0.543265187541094,0.5747531319382231,0.05796054140639611
326,10,2,2024-03-01,1034,911,969,968.455355646773,1676.8974358974358,65.544644353227,0.6166149329500451,0.577528079484765,0.06338940459693133
327,10,2,2024-10-01,946,1034,911,1036.1141616918983,1676.8974358974358,90.11416169189829,0.5641370663159988,0.617875690851298,0.09525809904006162
328,10,2,2025-03-01,991,946,1034,1010.43528499314,1676.8974358974358,19.435284993140044,0.5909723390265906,0.6025623650932348,0.019611791113158472
329,10,2,2025-10-01,977,991,946,1015.8705194853663,1676.8974358974358,38.870519485366344,0.5826235875166287,0.6058036095342327,0.03978558800958684
330,11,2,2023-03-01,2037,1644,1525,1627.9623939017706,1676.8974358974358,409.0376060982294,1.2147433446994602,0.9708181067320457,0.2008039303378642
331,11,2,2023-10-01,2135,2037,1644,1930.9660088607109,1676.8974358974358,204.03399113928913,1.2731846052691937,1.1515110987257868,0.09556627219638834
332,11,2,2024-03-01,2155,2135,2037,2107.8044294707624,1676.8974358974358,47.19557052923756,1.285111393140568,1.2569668152320332,0.02190049676530745
333,11,2,2024-10-01,1910,2155,2135,2146.6578250037937,1676.8974358974358,236.65782500379373,1.1390082417162342,1.2801366255622864,0.12390462042083442
334,11,2,2025-03-01,2213,1910,2155,1984.1090832810416,1676.8974358974358,228.89091671895835,1.319699077967553,1.1832024074979837,0.10343014763622158
335,11,2,2025-10-01,1971,2213,1910,2125.4639577505814,1676.8974358974358,154.46395775058136,1.1753849447239255,1.26749788761713,0.07836831950815898
336,12,2,2023-03-01,1538,1455,1455,1477.924323986342,1676.8974358974358,60.07567601365804,0.9171699873086745,0.8813444951064594,0.03906090768118208
337,12,2,2023-10-01,1951,1538,1455,1533.6920801032788,1676.8974358974358,417.30791989672116,1.1634581568525513,0.9146010049699212,0.21389437206392678
338,12,2,2024-03-01,1880,1951,1538,1844.2042208566718,1676.8974358974358,35.79577914332822,1.121118059909173,1.0997716266825213,0.01904030805496182
339,12,2,2024-10-01,1796,1880,1951,1905.9393997354034,1676.8974358974358,109.93939973540341,1.0710255508494013,1.1365867458169199,0.06121347424020235
340,12,2,2025-03-01,2034,1796,1880,1830.1108456876766,1676.8974358974358,203.8891543123234,1.2129543265187541,1.0913671918809063,0.10024048884578338
341,12,2,2025-10-01,2296,2034,1796,1970.3513916610752,1676.8974358974358,325.64860833892476,1.3691952476337559,1.1749981540204275,0.1418330175692181
342,14,2,2023-03-01,1286,1069,1090,1110.9282318634341,1676.8974358974358,175.07176813656588,0.7668924601293599,0.6624902680877985,0.13613667817773398
343,14,2,2023-10-01,1659,1286,1069,1253.8052399891733,1676.8974358974358,405.1947600108267,0.9893270539304883,0.7476934564684133,0.24424036167017885
344,14,2,2024-03-01,1699,1659,1286,1573.1582514199883,1676.8974358974358,125.84174858001165,1.0131806296732366,0.9381362376394066,0.07406812747499214
345,14,2,2024-10-01,1638,1699,1659,1700.8848543395545,1676.8974358974358,62.88485433955452,0.9768039266655454,1.0143046425670519,0.03839124196554
346,14,2,2025-03-01,1686,1638,1699,1671.2706637297445,1676.8974358974358,14.729336270255544,1.0054282175568434,0.9966445340977697,0.008736261133010405
347,14,2,2025-10-01,1981,1686,1638,1686.149644216399,1676.8974358974358,294.8503557836009,1.1813483386596126,1.005517456298102,0.14883914981504337
348,17,2,2023-03-01,970,684,627,717.8916931667353,1676.8974358974358,252.1083068332647,0.5784492117616478,0.4281070969510647,0.25990547096212857
349,17,2,2023-10-01,1064,970,684,929.8507422058216,1676.8974358974358,134.14925779417842,0.6345051147571065,0.5545066277164337,0.1260801295058068
350,17,2,2024-03-01,1298,1064,970,1074.7295230294644,1676.8974358974358,223.27047697053558,0.7740485328521843,0.6409035520137787,0.17201115329008904
351,17,2,2024-10-01,1218,1298,1064,1260.7551314874925,1676.8974358974358,42.75513148749246,0.7263413813666876,0.7518379505498893,0.035102735211405965
352,17,2,2025-03-01,1411,1218,1298,1270.8983261723695,1676.8974358974358,140.10167382763052,0.8414348843254484,0.7578867371171182,0.09929246904863963
353,17,2,2025-10-01,1139,1411,1218,1381.0531496990084,1676.8974358974358,242.05314969900837,0.6792305692747596,0.8235763977776622,0.2125137398586553
354,21,2,2023-03-01,1288,1236,1208,1258.8181180256004,1676.8974358974358,29.18188197439963,0.7680851389164972,0.7506828331166902,0.02265674066335375
355,21,2,2023-10-01,1417,1288,1236,1300.7465465762823,1676.8974358974358,116.2534534237177,0.8450129206868607,0.7756864067718927,0.08204195725033006
356,21,2,2024-03-01,1463,1417,1288,1406.0415164689573,1676.8974358974358,56.9584835310427,0.8724445327910213,0.838477945263526,0.038932661333590364
357,21,2,2024-10-01,1183,1463,1417,1471.3646595290668,1676.8974358974358,288.3646595290668,0.7054695025917828,0.8774327087819938,0.24375710864671749
358,21,2,2025-03-01,1411,1183,1463,1291.6597355008755,1676.8974358974358,119.34026449912449,0.8414348843254484,0.7702675833657112,0.08457850070809673
359,21,2,2025-10-01,1141,1411,1183,1371.5055546832668,1676.8974358974358,230.50555468326684,0.680423248061897,0.8178827907559353,0.20202064389418653
360,65,2,2023-03-01,780,823,795,860.022055611969,1676.8974358974358,80.022055611969,0.46514472698359305,0.5128650310993561,0.10259237898970384
361,65,2,2023-10-01,1318,780,823,836.1326344855355,1676.8974358974358,481.8673655144645,0.7859753207235585,0.4986188281921113,0.3656049814222037
362,65,2,2024-03-01,1332,1318,780,1198.8758669679373,1676.8974358974358,133.12413303206267,0.7943240722335204,0.71493690747182,0.09994304281686386
363,65,2,2024-10-01,1443,1332,1318,1353.5992544485784,1676.8974358974358,89.40074555142155,0.8605177449196472,0.807204558532922,0.06195477862191376
364,65,2,2025-03-01,1580,1443,1332,1436.0575135733109,1676.8974358974358,143.94248642668913,0.9422162418385602,0.8563776667740963,0.09110283951056274
365,65,2,2025-10-01,1532,1580,1443,1559.5170367070125,1676.8974358974358,27.517036707012494,0.9135919509472622,0.93000144392993,0.017961512210843664
366,66,2,2023-03-01,918,1540,1278,1488.530427023853,1676.8974358974358,570.530427023853,0.5474395632960749,0.887669332159976,0.6214928398952647
367,66,2,2023-10-01,1642,918,1540,1127.3310249931153,1676.8974358974358,514.6689750068847,0.9791892842398202,0.6722718997955855,0.313440301465825
368,66,2,2024-03-01,1230,1642,918,1460.994178545339,1676.8974358974358,230.99417854533908,0.7334974540895122,0.8712483824411418,0.18780014515881227
369,66,2,2024-10-01,1581,1230,1642,1371.3151194823295,1676.8974358974358,209.68488051767054,0.942812581232129,0.8177692267436941,0.13262800791756518
370,66,2,2025-03-01,1857,1581,1230,1503.8421807125385,1676.8974358974358,353.1578192874615,1.1074022538570927,0.8968003340691602,0.19017653165722215
371,66,2,2025-10-01,1642,1857,1581,1789.0728331809994,1676.8974358974358,147.0728331809994,0.9791892842398202,1.0668946083894093,0.08956932593239915
372,67,2,2023-03-01,925,1452,1026,1358.8196295253963,1676.8974358974358,433.8196295253963,0.5516139390510558,0.8103176738404327,0.4689941940815095
373,67,2,2023-10-01,1212,925,1452,1108.1753795312488,1676.8974358974358,103.82462046875116,0.7227633450052754,0.6608486337974389,0.08566387827454716
374,67,2,2024-03-01,1267,1212,925,1164.9913253257541,1676.8974358974358,102.00867467424587,0.7555620116515543,0.6947302204575668,0.08051197685417985
375,67,2,2024-10-01,981,1267,1212,1279.65041540378,1676.8974358974358,298.65041540378,0.5850089450909036,0.7631059527018368,0.304434674213843
376,67,2,2025-03-01,1236,981,1267,1098.2436704150666,1676.8974358974358,137.75632958493338,0.7370754904509244,0.6549259644059939,0.1114533410881338
377,67,2,2025-10-01,1089,1236,981,1195.1588847210376,1676.8974358974358,106.15888472103757,0.6494135995963242,0.7127203245327982,0.0974829060799243
378,72,2,2023-03-01,2349,1560,1590,1587.496806284172,1676.8974358974358,761.503193715828,1.4008012354928976,0.9466868827517655,0.3241818619479898
379,72,2,2023-10-01,2450,2349,1560,2124.2114555519843,1676.8974358974358,325.7885444480157,1.4610315142433372,1.2667509712155751,0.1329749161012309
380,72,2,2024-03-01,3194,2450,2349,2411.152552465282,1676.8974358974358,782.847447534718,1.9047080230584568,1.4378652509387913,0.24509938870842765
381,72,2,2024-10-01,2025,3194,2450,2952.425609772026,1676.8974358974358,927.4256097720258,1.2075872719766358,1.760647697688176,0.4579879554429757
382,72,2,2025-03-01,2684,2025,3194,2347.210500116879,1676.8974358974358,336.78949988312115,1.600574932338415,1.3997340862178058,0.12548043959877836
383,72,2,2025-10-01,3329,2684,2025,2483.1525975924537,1676.8974358974358,845.8474024075463,1.9852138411902325,1.4808017141868484,0.25408453061205954
384,74,2,2023-03-01,2378,2773,2254,2609.018340610462,1676.8974358974358,231.01834061046202,1.4180950779063901,1.5558604150492825,0.09714816678320522
385,74,2,2023-10-01,2337,2378,2773,2475.195584592961,1676.8974358974358,138.19558459296104,1.393645162770073,1.4760566338801127,0.05913375463969236
386,74,2,2024-03-01,2046,2337,2378,2340.774816764643,1676.8974358974358,294.7748167646432,1.2201103992415787,1.3958962347103334,0.1440737129836966
387,74,2,2024-10-01,1588,2046,2337,2126.2437654049622,1676.8974358974358,538.2437654049622,0.94698695698711,1.2679629176408436,0.3389444366529989
388,74,2,2025-03-01,1974,1588,2046,1731.2872750858248,1676.8974358974358,242.71272491417517,1.1771739629046316,1.0324348037179034,0.1229547745259246
389,74,2,2025-10-01,1921,1974,1588,1872.0422302075426,1676.8974358974358,48.957769792457384,1.1455679750454901,1.1163725282969796,0.02548556470195595
390,76,2,2023-03-01,1076,926,856,948.0225552216604,1676.8974358974358,127.97744477833965,0.641661187479931,0.5653431956703429,0.11893814570477662
391,76,2,2023-10-01,1162,1076,926,1069.304405879204,1676.8974358974358,92.69559412079593,0.6929463753268399,0.6376683409423533,0.0797724562141101
392,76,2,2024-03-01,1106,1162,1076,1171.541404593682,1676.8974358974358,65.54140459368205,0.6595513692869922,0.69863629075603,0.05925985948795845
393,76,2,2024-10-01,1054,1106,1162,1154.4670592367668,1676.8974358974358,100.46705923676677,0.6285417208214193,0.6884541860003044,0.09531979054721705
394,76,2,2025-03-01,1295,1054,1106,1104.9005546734916,1676.8974358974358,190.09944532650843,0.7722595146714782,0.6588957267277202,0.14679493847606828
395,76,2,2025-10-01,1103,1295,1054,1255.9487887864243,1676.8974358974358,152.9487887864243,0.6577623511062861,0.7489717390582509,0.13866617297046627
396,78,2,2023-03-01,2186,1581,1634,1614.048706037098,1676.8974358974358,571.9512939629019,1.303597914341198,0.9625208265485226,0.26164286091624056
397,78,2,2023-10-01,2371,2186,1581,2017.0104389049045,1676.8974358974358,353.9895610950955,1.413920702151409,1.2028227819583064,0.1492996883572735
398,78,2,2024-03-01,2338,2371,2186,2311.95530038228,1676.8974358974358,26.044699617720198,1.3942415021636416,1.3787100217879313,0.011139734652574935
399,78,2,2024-10-01,3761,2338,2371,2337.821857315027,1676.8974358974358,1423.178142684973,2.2428324592119147,1.3941352686629163,0.3784041857710643
400,78,2,2025-03-01,4501,3761,2338,3316.4382052902424,1676.8974358974358,1184.5617947097576,2.6841236104527595,1.977722748150881,0.2631774704976133
401,78,2,2025-10-01,2309,4501,3761,4215.566287881854,1676.8974358974358,1906.566287881854,1.376947659750149,2.5139082436641584,0.8257108219496985
